X,Y,OBJECTID,Facility,Address,City,Zip,Phone,Group_,Tags,County,Website,AC_City,AC_Zip,State,Source,Score,Accuracy,Longitude,Latitude,GeoDate
-13785564.176544,5938155.90951252,1,Sea Mar CHC - Aberdeen Sumner Ave.,1813 Sumner Ave,Aberdeen,98520,(360) 538-1293,Sea Mar Community Health Centers,"Medical, Dental,Behavioral Health",Grays Harbor,http://www.seamar.org/,Aberdeen,98520,WA,Roads,100,Close,-123.83783,46.97599,2018/06/11 16:08:31+00
-13649719.888734,6192797.80015173,2,Sea Mar CHC - Anacortes M Avenue,1004 M Street,Anacortes,98221,(360) 293-8007,Sea Mar Community Health Centers,Behavioral Health,Skagit,http://www.seamar.org/,Anacortes,98221,WA,Parcels,100,Close,-122.61752,48.51401,2018/06/11 16:08:31+00
-13594129.1614217,6138454.01208486,3,Arlington Clinic,326 S. Stillaguamish Ave,Arlington,98223,(360) 572-5400,Community Health Center of Snohomish County,"Medical, Dental,Pharmacy",Snohomish,http://www.chcsno.org/,Arlington,98223,WA,MAF,100,Close,-122.11814,48.18959,2018/06/11 16:08:32+00
-13606300.834545,5992642.61890493,4,Auburn Dental,126 Auburn Ave,Auburn,98002,253-804-8713,HealthPoint,"Dental, Pharmacy",King,http://www.healthpointchc.org/,Auburn,98002,WA,MAF,100,Close,-122.22748,47.30891,2018/06/11 16:08:32+00
-13606300.834545,5992642.61890493,5,Auburn Medical,126 Auburn Ave,Auburn,98002,(253) 735-0166,HealthPoint,"Medical, Pharmacy,Behavioral Health,Pediatrics,OB / GYN,Natural Medicine,Nutrition",King,http://www.healthpointchc.org/,Auburn,98002,WA,MAF,100,Close,-122.22748,47.30891,2018/06/11 16:08:32+00
-13605731.9919471,5993984.04910105,6,Auburn North Medical Residency,923 Auburn Way North,Auburn,98002,(253) 351-3900,HealthPoint,"Medical, Pharmacy",King,,Auburn,98002,WA,MAF,100,Close,-122.22237,47.31708,2018/06/11 16:08:33+00
-13263609.3481125,5875553.94587422,7,North Franklin Social Services Center,6950 Road 170,Basin City,99343,509-269-4115,Tri-Cities Community Health,Social Work Services,Franklin,,Mesa,99343,WA,Roads,100,Close,-119.14903,46.59091,2018/06/11 16:08:33+00
-13640853.2912924,5745071.30700666,8,Sea Mar CHC - Battle Ground,118 South Parkway Ave,Battle Ground,98686,(360) 342-8060,Sea Mar Community Health Centers,"Medical, Pharmacy",Clark,http://www.seamar.org/,Battle Ground,98604,WA,MAF,100,Close,-122.53787,45.77942,2018/06/11 16:08:34+00
-13639974.98051,5745282.00203545,9,WIC & MSS,701 E. Main St.,Battle Ground,98604,(360) 687-7126,Sea Mar Community Health Centers,WIC,Clark,http://www.seamar.org/,Battle Ground,98604,WA,MAF,100,Close,-122.52998,45.78074,2018/06/11 16:08:34+00
-13673132.6040377,6016482.67703739,10,Belfair Clinic,31 NE State Route 300,Belfair,98528,360-377-3776,Peninsula Community Health Services,"Medical, Dental,Pharmacy,Behavioral Health",Mason,https://www.pchsweb.org/find-a-location/,Belfair,98528,WA,Roads,80,Close,-122.82784,47.45392,2018/06/11 16:08:35+00
-13598015.3248453,6043803.19890524,11,Bellevue Medical & Dental Clinic,1050 140th Ave NE,Bellevue,98005,425 373 3000,International Community Health Services,"Medical, Dental",King,http://www.ichs.com/,Bellevue,98005,WA,MAF,100,Close,-122.15305,47.61961,2018/06/11 16:08:35+00
-13601579.7749405,6045248.38492491,12,Sea Mar CHC - Bellevue 116th Ave. NE,2000 116th Ave. NE,Bellevue,98004,(425) 998-5090,Sea Mar Community Health Centers,Dental,King,http://www.seamar.org/,Bellevue,98004,WA,MAF,100,Close,-122.18507,47.62836,2018/06/11 16:08:36+00
-13596634.9631594,6036542.94148573,13,Sea Mar CHC - Bellevue 150th Ave. NE,3801 150th Ave. NE,Bellevue,98006,(425) 460-7140,Sea Mar Community Health Centers,"Medical, Dental,Pharmacy",King,http://www.seamar.org/,Bellevue,98006,WA,MAF,100,Close,-122.14065,47.57563,2018/06/11 16:08:36+00
-13595788.9350294,6044919.68708021,14,Sea Mar CHC - Bellevue 156th Ave. NE,1811 156th Ave. NE,Bellevue,98007,425-460-7125,Sea Mar Community Health Centers,Behavioral Health,King,http://www.seamar.org/,Bellevue,98007,WA,MAF,100,Close,-122.13305,47.62637,2018/06/11 16:08:37+00
-13599692.9095715,6044011.29078385,15,Sea Mar CHC - Bellevue Bel-Red Rd.,12835 NE Bel-Red Rd.,Bellevue,98005,(425) 460-7114,Sea Mar Community Health Centers,Behavioral Health,King,http://www.seamar.org/,Bellevue,98005,WA,MAF,91,Close,-122.16812,47.62087,2018/06/11 16:08:37+00
-13639166.8010068,6238681.83846492,16,Sea Mar CHC - Bellingham Behavioral Health,3350 Airport Dr.,Bellingham,98226,(360) 734-5458,Sea Mar Community Health Centers,Behavioral Health,Whatcom,http://www.seamar.org/,Bellingham,98226,WA,Parcels,100,Close,-122.52272,48.78632,2018/06/11 16:08:37+00
-13636280.2866106,6241228.37876517,17,Sea Mar CHC - Bellingham Cordata Pkwy.,4455 Cordata Pkwy.,Bellingham,98226,(360) 671-3225,Sea Mar Community Health Centers,"Medical, Dental,WIC",Whatcom,http://www.seamar.org/,Bellingham,98226,WA,Parcels,100,Close,-122.49679,48.80139,2018/06/11 16:08:38+00
-13636496.2464227,6238278.04467293,18,Sea Mar CHC - Mercy Housing Bellingham,512 Sterling Dr.,Bellingham,98226,(360) 788-7110,Sea Mar Community Health Centers,Medical,Whatcom,http://www.seamar.org/,Bellingham,98226,WA,Roads,100,Close,-122.49873,48.78393,2018/06/11 16:08:38+00
-13633755.5605594,6233121.64991887,19,Unity Care NW Administrative Office,1616 Cornwall Ave,Bellingham,98225,(360) 676-6177,Unity Care NW,"Dental, Administrative,Behavioral Health,RSN Funded Mental Health",Whatcom,http://unitycarenw.org/,Bellingham,98225,WA,Parcels,100,Close,-122.47411,48.7534,2018/06/11 16:08:39+00
-13633984.8787104,6233150.35356067,20,Unity Care NW Bellingham Clinic,220 Unity St,Bellingham,98225,(360) 676-6177,Unity Care NW,"Medical, Dental,Pharmacy,Behavioral Health,Pediatrics",Whatcom,http://unitycarenw.org/,Bellingham,98225,WA,Parcels,100,Close,-122.47617,48.75357,2018/06/11 16:08:39+00
-13633755.5605594,6233121.64991887,21,Unity Care NW Mobile Dental,1616 Cornwall Ave,Bellingham,98225,360-676-6177,Unity Care NW,Dental,Whatcom,http://unitycarenw.org/,Bellingham,98225,WA,Parcels,100,Close,-122.47411,48.7534,2018/06/11 16:08:39+00
-13634033.8592864,6233060.86605684,22,Unity Care NW Pharmacy,218 Unity Street,Bellingham,98225,,Unity Care NW,Pharmacy,Whatcom,http://unitycarenw.org/,Bellingham,98225,WA,Roads,100,Close,-122.47661,48.75304,2018/06/11 16:08:40+00
-13631357.7387277,6235661.45389931,23,Visions Female Youth Inpatient Treatment Center,1603 E. Illinois St.,Bellingham,98226,,Sea Mar Community Health Centers,Substance Abuse,Whatcom,http://www.seamar.org/,Bellingham,98226,WA,Parcels,100,Close,-122.45257,48.76844,2018/06/11 16:08:40+00
-13603306.3402427,6067173.86215749,24,Bothell Dental,10414 Beardslee Blvd,Bothell,98011,425-424-6350,HealthPoint,"Dental, Pharmacy",King,http://www.healthpointchc.org/,Bothell,98011,WA,MAF,100,Close,-122.20058,47.76093,2018/06/11 16:08:41+00
-13603306.3402427,6067173.86215749,25,Bothell Medical,10414 Beardslee Blvd,Bothell,98011,(425) 486-0658,HealthPoint,"Medical, Pharmacy,Behavioral Health,Natural Medicine,Nutrition,Acupuncture",King,http://www.healthpointchc.org/,Bothell,98011,WA,MAF,100,Close,-122.20058,47.76093,2018/06/11 16:08:41+00
-13650971.1198106,6035254.2974925,26,Bremerton Medical and Dental Clinic,616 6th Street,Bremerton,98337,(360) 478-2366,Peninsula Community Health Services,"Medical, Dental,Pharmacy,Behavioral Health,Substance Abuse,Nutrition,Patient Navigator",Kitsap,http://www.pchsweb.org/,Bremerton,98337,WA,MAF,100,Close,-122.62876,47.56782,2018/06/11 16:08:42+00
-13650457.936958,6042538.24030924,27,PCHS Almira Medical Clinic at KMHS,5455 Almira Ave NE,Bremerton,98311,(360) 415-3909,Peninsula Community Health Services,"Medical, Dental",Kitsap,,Bremerton,98311,WA,Parcels,100,Close,-122.62415,47.61195,2018/06/11 16:08:42+00
-13651395.2470705,6034960.62574976,28,Peninsula Community Health Services -Adminstration Office,400 Warren Ave.,Bremerton,98337,(360) 478-2366,Peninsula Community Health Services,Administrative,Kitsap,http://www.pchsweb.org/,Bremerton,98337,WA,MAF,100,Close,-122.63257,47.56604,2018/06/11 16:08:42+00
-13650752.9336086,6037572.67482312,29,Wheaton Way Clinic,2508 Wheaton Way,Bremerton,98337,360-616-3100,Peninsula Community Health Services,"Medical, Pharmacy,Behavioral Health,Substance Abuse,Nutrition,Patient Navigator",Kitsap,http://www.pchsweb.org/,Bremerton,98310,WA,Roads,100,Close,-122.6268,47.58187,2018/06/11 16:08:43+00
-13334459.7512228,6124310.89749019,30,Brewster Dental Clinic,101 North 6th Ave,Brewster,98812,(509) 689-3789,Family Health Centers,"Dental, School Screenings,Orthodontics",Okanogan,http://www.myfamilyhealth.org/,Brewster,98812,WA,MAF,100,Close,-119.78549,48.10482,2018/06/11 16:08:43+00
-13334214.848343,6123232.39464127,31,Brewster Indian Avenue Clinic,520 W Indian Ave,Brewster,98812,509-689-2525,Family Health Centers,"Medical, Behavioral Health,Urgent Care,Substance Abuse,Pediatrics,OB / GYN,Family Planning,Home Health",Okanogan,http://www.myfamilyhealth.org/,Brewster,98812,WA,MAF,100,Close,-119.78329,48.09835,2018/06/11 16:08:44+00
-13334228.2066819,6123500.75747101,32,Brewster Jay Ave Clinic/Pharmacy,525 West Jay Ave,Brewster,98812,(509) 689-3455,Family Health Centers,"Medical, Pharmacy,Behavioral Health,WIC,Urgent Care,Substance Abuse,Pediatrics,OB / GYN,Family Planning,Home Health",Okanogan,http://www.myfamilyhealth.org/,Brewster,98812,WA,MAF,100,Close,-119.78341,48.09996,2018/06/11 16:08:44+00
-13322199.0225068,6108631.79028983,33,Bridgeport Clinic,1015 Columbia Ave,Bridgeport,98813,509-686-0603,Family Health Centers,"Medical, Dental,Behavioral Health,Urgent Care,Substance Abuse,Pediatrics,OB / GYN,Family Planning,Home Health",Douglas,http://www.myfamilyhealth.org/,Bridgeport,98813,WA,MAF,100,Close,-119.67535,48.01068,2018/06/11 16:08:44+00
-13616925.1667463,6014367.44958171,34,Sea Mar CHC - Burien 8th Ave. S.,18010 8th Ave.,Burien,98148,(206) 631-7316,Sea Mar Community Health Centers,Dental,King,http://www.seamar.org/,Seatac,98148,WA,MAF,100,Close,-122.32292,47.44107,2018/06/11 16:08:45+00
-13619567.8914578,6019612.84494825,35,Sea Mar CHC - Burien Ambaum Blvd. SW,14434 Ambaum Blvd. S.,Burien,98166,(206) 812-6140,Sea Mar Community Health Centers,"Medical, WIC",King,http://www.seamar.org/,Burien,98166,WA,MAF,100,Close,-122.34666,47.47293,2018/06/11 16:08:45+00
-13682188.4446137,5824484.72878521,36,Family Health Center - Castle Rock Clinic,139 1st Ave,Castle Rock,98611,360-274-2353,Cowlitz Family Health Center,Medical,Cowlitz,,Castle Rock,98611,WA,MAF,100,Close,-122.90919,46.27473,2018/06/11 16:08:46+00
-13672887.7011579,5820850.52833318,37,Family Health Center Toutle River Campus,2232 South Silver Lake Rd,Castle Rock,98611,360-274-3262,Cowlitz Family Health Center,Substance Abuse,Cowlitz,,Castle Rock,98611,WA,MAF,100,Close,-122.82564,46.25216,2018/06/11 16:08:46+00
-13735116.4097063,5813408.06573438,38,Wahkiakum Clinic,335 Una Avenue,Cathlamet,98612,360 795 3201,Cowlitz Family Health Center,Medical,Wahkiakum,http://cowlitzfamilyhealth.org/,Cathlamet,98612,WA,NavteqStreets,100,Close,-123.38465,46.20591,2018/06/11 16:08:47+00
-13690466.1619491,5898978.06423321,39,Valley View Health Center - Centralia,2428 W Reynolds Avenue,Centralia,98531,360 669 0335,Valley View Health Center,Medical,Lewis,http://www.vvhc.org/,Centralia,98531,WA,Roads,91,Close,-122.98355,46.73532,2018/06/11 16:08:47+00
-13690479.520288,5895335.68331135,40,Valley View Health Center - Walk In Clinic,1800 Cooks Hill Road,Centralia,98531,360 736 3042,Valley View Health Center,Medical,Lewis,http://www.vvhc.org/,Centralia,98531,WA,Parcels,100,Close,-122.98367,46.71289,2018/06/11 16:08:48+00
-13691787.5243048,5899289.92112247,41,Valley View Health Center Centralia Pediatrics,220 Washington Way,Centralia,98531,360-388-3259,Valley View Health Center,"Medical, Pediatrics",Lewis,http://www.vvhc.org/,Centralia,98531,WA,Parcels,100,Close,-122.99542,46.73724,2018/06/11 16:08:48+00
-13687467.2148671,5892292.05467628,42,Valley View Health Center - Chehalis,2690 NE Kresky Ave.,Chehalis,98532,360 330 9595,Valley View Health Center,"Medical, Dental,Administrative,Behavioral Health",Lewis,http://www.vvhc.org/,Chehalis,98532,WA,Parcels,100,Close,-122.95661,46.69414,2018/06/11 16:08:49+00
-13359907.3868181,6080473.39949486,43,Columbia Valley Community Health - Chelan,317 E. Johnson,Chelan,98816,(509) 682 6000,Columbia Valley Community Health Center,"Medical, Dental,WIC",Chelan,http://cvch.org/,Chelan,98816,WA,MAF,100,Close,-120.01409,47.84118,2018/06/11 16:08:49+00
-13087352.7455599,6023655.25198444,44,Cheney Clinic,1720 2nd Street,Cheney,99004,(509) 444-8200,Community Health Association of Spokane,"Medical, Dental,Pharmacy,Behavioral Health",Spokane,,Cheney,99004,WA,MAF,100,Close,-117.56569,47.49747,2018/06/11 16:08:50+00
-13104778.6986486,6153100.57835954,45,Chewelah Community Health Center,518 E. Clay St.,Chewelah,99109,(509) 935-8424,Northeast Washington Health Programs,Medical,Stevens,http://www.newhp.org/,Chewelah,99109,WA,Roads,91,Close,-117.72223,48.27723,2018/06/11 16:08:51+00
-13103433.9591998,6153015.27354872,46,NE Washington Health Programs - Administration,509 E. Main Avenue,Chewelah,99109,(509) 935-6001,Northeast Washington Health Programs,Administrative,Stevens,http://www.newhp.org/,Chewelah,99109,WA,Parcels,100,Close,-117.71015,48.27672,2018/06/11 16:08:51+00
-13029461.0443728,5846884.91697321,47,Lewis and Clark Dental Clinic,844 6th Street,Clarkston,99403,(208) 848 8308,Community Health Association of Spokane,Dental,Asotin,,Clarkston,99403,WA,Roads,100,Close,-117.04564,46.41364,2018/06/11 16:08:52+00
-13125171.3161671,6198400.5976254,48,Colville Community Dental Clinic,370 N. Main St,Colville,99114,(509) 684-1440,Northeast Washington Health Programs,Dental,Stevens,http://www.newhp.org/,Colville,99114,WA,Parcels,100,Close,-117.90542,48.54734,2018/06/11 16:08:52+00
-13125166.8633874,6198372.01114067,49,Colville Community Health Center,358 N. Main Street,Colville,99114,509-684-1440,Northeast Washington Health Programs,Medical,Stevens,http://www.newhp.org/,Colville,99114,WA,Parcels,100,Close,-117.90538,48.54717,2018/06/11 16:08:53+00
-13553447.4535113,6196645.2292497,50,Sea Mar CHC - Concrete,7438 South D. Ave.,Concrete,98237,(360) 853-8183,Sea Mar Community Health Centers,"Medical, Pharmacy",Skagit,http://www.seamar.org/,Concrete,98237,WA,Parcels,100,Close,-121.75269,48.5369,2018/06/11 16:08:53+00
-13231720.7667798,5885082.46677176,51,Connell Family Clinic,1051 S. Columbia Avenue,Connell,99326,509-234-0551,Columbia Basin Health Association,"Medical, Dental,Pharmacy,Eye Care",Franklin,http://cbha.org/,Connell,99326,WA,MAF,100,Close,-118.86257,46.6497,2018/06/11 16:08:53+00
-13077400.7830829,6098592.16697038,52,North County Clinic,401 S. Main St.,Deer Park,99006,(509) 444-8200,Community Health Association of Spokane,"Medical, Dental,Pharmacy,Behavioral Health,Pediatrics",Spokane,,Deer Park,99006,WA,Parcels,100,Close,-117.47629,47.95031,2018/06/11 16:08:54+00
-13614174.4621288,6005025.47788252,53,Des Moines Housing,2741 S. 242nd St,Des Moines,98198,(206) 592-6375,Sea Mar Community Health Centers,Housing,King,,Des Moines,98198,WA,AddressPoints,100,Close,-122.29821,47.38428,2018/06/11 16:08:54+00
-13615101.7534871,6001854.55735485,54,Midway,26401 Pacific Hwy S.,Des Moines,98198,,HealthPoint,"Dental, Pharmacy,Medical,Behavioral Health,WIC,OB / GYN,Natural Medicine,Nutrition,Acupuncture",King,http://www.healthpointchc.org/,Des Moines,98198,WA,MAF,100,Close,-122.30654,47.36499,2018/06/11 16:08:55+00
-13614090.9725107,6004995.88383727,55,Sea Mar CHC - Des Moines S. 242nd St.,2781 S. 242nd St.,Des Moines,98198,(206) 212-4500,Sea Mar Community Health Centers,"Medical, Dental,Pharmacy,Behavioral Health",King,http://www.seamar.org/,Des Moines,98198,WA,AddressPoints,100,Close,-122.29746,47.3841,2018/06/11 16:08:55+00
-13390155.1188565,6008465.6521962,56,Adult Behavioral Health,230 Grant Rd.,East Wenatchee,98802,(509) 662-6000,Columbia Valley Community Health Center,Behavioral Health,Chelan,http://cvch.org/,East Wenatchee,98802,WA,MAF,100,Close,-120.28581,47.4052,2018/06/11 16:08:56+00
-13389779.9721725,6010788.37774404,57,East Wenatchee Express Care Clinic,900 Eastmont Avenue,East Wenatchee,98802,509-884-9000,Columbia Valley Community Health Center,"Medical, Urgent Care",Douglas,http://cvch.org/,East Wenatchee,98802,WA,MAF,91,Close,-120.28244,47.41932,2018/06/11 16:08:56+00
-13618917.7856315,6071712.45415804,58,Edmonds Clinic,23320 Hwy 99,Edmonds,98026,(425) 640-5500,Community Health Center of Snohomish County,"Medical, Dental,Pharmacy,Behavioral Health,Pediatrics,OB / GYN,Diabetic Retinal Screening",Snohomish,http://www.chcsno.org/,Edmonds,98026,WA,Parcels,100,Close,-122.34082,47.78833,2018/06/11 16:08:57+00
-13418488.1556532,5939632.56142858,59,Ellensburg CHCW,521 East Mountain View Ave,Ellensburg,98926,(509) 962-1414,Community Health of Central Washington,"Medical, Pharmacy",Kittitas,http://chcw.org/,Ellensburg,98926,WA,Parcels,100,Close,-120.54033,46.98504,2018/06/11 16:08:57+00
-13423455.2313324,5942862.48700358,60,Ellensburg Dental Care,1206 N. Dolarway Road,Ellensburg,98926,(509) 933-2400,Community Health of Central Washington,Dental,Kittitas,http://chcw.org/,Ellensburg,98926,WA,Parcels,100,Close,-120.58495,47.00483,2018/06/11 16:08:57+00
-13737641.1357575,5942660.07149265,61,Sea Mar CHC - Elma W. Main St.,515 W. Main St.,Elma,98541,(360) 861-8700,Sea Mar Community Health Centers,Medical,Grays Harbor,http://www.seamar.org/,Elma,98541,WA,Parcels,91,Close,-123.40733,47.00359,2018/06/11 16:08:58+00
-13738995.8939604,5942633.95370443,62,Sea Mar CHC - WIC,1510 W. Main St.,Elma,98541,,Sea Mar Community Health Centers,WIC,Grays Harbor,http://www.seamar.org/,Elma,98541,WA,Roads,91,Close,-123.4195,47.00343,2018/06/11 16:08:59+00
-13309407.2998197,5992686.94682212,63,Ephrata Community Dental Clinic,204 12th Ave SW,Ephrata,98823,(509) 754-6199,Moses Lake Community Health Center,Dental,Grant,https://www.mlchc.org/,Ephrata,98823,WA,Parcels,100,Close,-119.56044,47.30918,2018/06/11 16:08:59+00
-13606561.3221535,6093454.66508976,64,Community Health Center of Snohomish County,8609 Evergreen Way,Everett,98208,(425) 789-3700,Community Health Center of Snohomish County,Administrative,Snohomish,http://www.chcsno.org/,Everett,98208,WA,MAF,100,Close,-122.22982,47.91939,2018/06/11 16:09:00+00
-13604383.9129136,6100487.10553584,65,Everett-Central Clinic,4201 Rucker Ave,Everett,98203,,Community Health Center of Snohomish County,"Medical, Walk In Clinic",Snohomish,https://www.chcsno.org/,Everett,98203,WA,Parcels,100,Close,-122.21026,47.96171,2018/06/11 16:09:00+00
-13603162.7380996,6107686.69704117,66,Everett-College Clinic,930 North Broadway,Everett,98201,425-595-3900,Community Health Center of Snohomish County,Medical,Snohomish,https://www.chcsno.org/location/everett-college-clinic/,Everett,98201,WA,MAF,100,Close,-122.19929,48.005,2018/06/11 16:09:00+00
-13603395.3958353,6106522.11259734,67,Everett-North Clinic,1424 Broadway,Everett,98201,(425) 789-2000,Community Health Center of Snohomish County,"Medical, Dental,Pharmacy,Behavioral Health,Eye Care,Pediatrics,OB / GYN,Diabetic Retinal Screening",Snohomish,http://www.chcsno.org/,Everett,98201,WA,MAF,100,Close,-122.20138,47.998,2018/06/11 16:09:01+00
-13608570.6389623,6089779.54756332,68,Everett-South Clinic,1019 112th ST SW,Everett,98204,(425) 551-6200,Community Health Center of Snohomish County,"Medical, Dental,Pharmacy,Behavioral Health,Pediatrics,OB / GYN",Snohomish,,Everett,98204,WA,MAF,100,Close,-122.24787,47.89726,2018/06/11 16:09:01+00
-13603970.9176027,6091381.92480491,69,Sea Mar CHC - Everett 100th St. SE,1920 100th St. SE,Everett,98208,(425) 312-0202,Sea Mar Community Health Centers,"Medical, Dental,Pharmacy,Behavioral Health",Snohomish,http://www.seamar.org/,Everett,98208,WA,MAF,100,Close,-122.20655,47.90691,2018/06/11 16:09:02+00
-13604570.9296581,6098784.96617533,70,Sea Mar CHC - Everett Claremont Way,5007 Claremont Way,Everett,98203,(425) 609-5505,Sea Mar Community Health Centers,Behavioral Health,Snohomish,http://www.seamar.org/,Everett,98203,WA,MAF,100,Close,-122.21194,47.95147,2018/06/11 16:09:02+00
-13630185.5444896,6256457.6818863,71,Sea Mar CHC - Everson Hannegan Rd.,6884 Hannegan Rd.,Everson,98247,(360) 354-0766,Sea Mar Community Health Centers,Medical,Whatcom,http://www.seamar.org/,Everson,98247,WA,Parcels,100,Close,-122.44204,48.89142,2018/06/11 16:09:02+00
-13616360.776928,5991500.02184995,72,Federal Way Medical & Dental,33431 13th Place S.,Federal Way,98003,(253) 874-7634,HealthPoint,"Medical, Dental,Pharmacy,Behavioral Health,Pediatrics,OB / GYN,Natural Medicine,Nutrition",King,http://www.healthpointchc.org/,Federal Way,98003,WA,MAF,100,Close,-122.31785,47.30195,2018/06/11 16:09:03+00
-13615613.8231448,5994506.228558,73,Sea Mar CHC - Federal Way 18th Ave. S,31405 18th Ave. S,Federal Way,98003,253-681-6600,Sea Mar Community Health Centers,"Medical, Dental,Pharmacy,Behavioral Health",King,http://www.seamar.org/,Federal Way,98003,WA,MAF,100,Close,-122.31114,47.32026,2018/06/11 16:09:04+00
-13647061.5792939,6248632.39179058,74,Unity Care NW Ferndale Clinic,5616 3rd Avenue,Ferndale,98248,(360) 752-7410,Unity Care NW,"Medical, Dental,Behavioral Health",Whatcom,http://unitycarenw.org/,Ferndale,98248,WA,Parcels,100,Close,-122.59364,48.84518,2018/06/11 16:09:04+00
-13647140.6161324,6248737.26785298,75,Unity Care NW Ferndale Clinic - Annex,5603 3rd Avenue,Ferndale,98248,(360) 752-7410,Unity Care NW,Behavioral Health,Whatcom,http://unitycarenw.org/,Ferndale,98248,WA,Parcels,100,Close,-122.59435,48.8458,2018/06/11 16:09:04+00
-13620675.5203912,5980988.94873188,76,Sea Mar CHC - WIC,2111 54th Ave. E.,Fife,98424,(253) 926-8767,Sea Mar Community Health Centers,WIC,Pierce,http://www.seamar.org/,Fife,98424,WA,Parcels,100,Close,-122.35661,47.23788,2018/06/11 16:09:05+00
-13646233.3622824,5994266.48188625,77,Sea Mar CHC - Gig Harbor Kimball Dr.,6659 Kimball Dr.,Gig Harbor,98335,(253) 280-9888,Sea Mar Community Health Centers,Behavioral Health,Pierce,http://www.seamar.org/,Gig Harbor,98335,WA,Parcels,100,Close,-122.5862,47.3188,2018/06/11 16:09:05+00
-13349727.2193851,5823115.89103619,78,Grandview Medical-Dental Clinic,1000 Wallace Way,Grandview,98930,509-882-3444,Yakima Valley Farm Workers Clinic,"Medical, Dental,Pharmacy,Behavioral Health",Yakima,http://www.yvfwc.com/,Grandview,98930,WA,Parcels,100,Close,-119.92264,46.26623,2018/06/11 16:09:06+00
-13347449.6226034,5821186.99534561,79,Grandview Mountainview Women's Health Center,240 Division St.,Grandview,98930,509-882-4700,Yakima Valley Farm Workers Clinic,"Medical, Women's Health",Yakima,http://www.yvfwc.com/,Grandview,98930,WA,Roads,100,Close,-119.90218,46.25425,2018/06/11 16:09:06+00
-13379970.4986438,5835543.05982835,80,Granger Immediate Care,115 Sunnyside Avenue,Granger,98932,509-865-6450,Yakima Valley Farm Workers Clinic,Urgent Care,Yakima,http://www.yvfwc.com/,Granger,98932,WA,Roads,100,Close,-120.19432,46.34335,2018/06/11 16:09:07+00
-13379993.8757368,5835623.6873244,81,Granger WIC,121 Sunnyside Avenue,Granger,98932,,Yakima Valley Farm Workers Clinic,WIC,Yakima,http://www.yvfwc.com/,Granger,98932,WA,Parcels,100,Close,-120.19453,46.34385,2018/06/11 16:09:07+00
-13380116.3271767,5835204.43239706,82,Neighborhood Health Services Granger,111 Main Street,Granger,98932,509-317-2182,Yakima Neighborhood Health Services,"Medical, Behavioral Health,Patient Navigator",Yakima,,Granger,98932,WA,Parcels,100,Close,-120.19563,46.34125,2018/06/11 16:09:08+00
-13158491.4661513,6156736.02377642,83,Inchelium Community Health Center,39 Shortcut Road,Inchelium,99138,509-722-7006,Lake Roosevelt Community Health,"Medical, Dental,Administrative,Pharmacy,Eye Care,OB / GYN,Radiology / XRay",Ferry,,Inchelium,99138,WA,Roads,99,Close,-118.20474,48.29896,2018/06/11 16:09:08+00
-13211807.9362667,6119851.07632185,84,San Poil Valley Community Health Center,11665 South Hwy. 21,Keller,99140,509-634-7300,Lake Roosevelt Community Health,"Medical, Dental,Radiology / XRay",Ferry,,Keller,99140,WA,Roads,91,Close,-118.68369,48.07806,2018/06/11 16:09:08+00
-13681924.6174205,5803169.439532,85,Family Health Center Grade St,621 Grade St,Kelso,98626,360-425-9210,Cowlitz Family Health Center,Substance Abuse,Cowlitz,,Kelso,98626,WA,MAF,100,Close,-122.90682,46.14222,2018/06/11 16:09:09+00
-13682304.2168841,5803384.73213556,86,Kelso Clinic,300 Oak Street,Kelso,98626,360 353 5511,Cowlitz Family Health Center,Medical,Cowlitz,http://cowlitzfamilyhealth.org/,Kelso,98626,WA,MAF,100,Close,-122.91023,46.14356,2018/06/11 16:09:09+00
-13680491.935574,5803625.73753488,87,Sea Mar CHC - Kelso Allen St.,1710 Allen St.,Kelso,98626,(360) 261-7020,Sea Mar Community Health Centers,Behavioral Health,Cowlitz,http://www.seamar.org/,Kelso,98626,WA,Roads,100,Close,-122.89395,46.14506,2018/06/11 16:09:10+00
-13261506.5229314,5813461.14650679,88,Amistad School Based Clinic,830 W. Vineyard Dr.,Kennewick,99336,509-547-2204,Tri-Cities Community Health,School Based,Franklin,,Kennewick,99336,WA,Roads,91,Close,-119.13014,46.20624,2018/06/11 16:09:11+00
-13266622.7667282,5810173.95721769,89,Dentistry For Kids,2611 S. Quillan Street,Kennewick,99338,509-585-5437,Yakima Valley Farm Workers Clinic,Dental,Franklin,,Kennewick,99338,WA,Parcels,89,Close,-119.1761,46.1858,2018/06/11 16:09:11+00
-13260161.7834826,5812496.09135588,90,Endocrinology,721 S. Auburn,Kennewick,99336,509-547-7007,Tri-Cities Community Health,"Pediatrics, Endocrinology",Franklin,http://www.mytcch.org/locations/kennewick,Kennewick,99336,WA,Parcels,100,Close,-119.11806,46.20024,2018/06/11 16:09:11+00
-13265407.1578888,5814678.87482347,91,Kennewick Medical,3180 W. Clearwater,Kennewick,99336,509-547-2204,Tri-Cities Community Health,"Medical, Dental,Women's Health,Pediatrics,OB / GYN",Benton,,Kennewick,99336,WA,Parcels,100,Close,-119.16518,46.21381,2018/06/11 16:09:12+00
-13265407.1578888,5814678.87482347,92,Kennewick Medical and Behavioral Health,3180 W. Clearwater,Kennewick,99336,509-547-2204,Tri-Cities Community Health,"Medical, Behavioral Health",Benton,,Kennewick,99336,WA,Parcels,100,Close,-119.16518,46.21381,2018/06/11 16:09:12+00
-13606507.8887979,6004635.83104689,93,Kent Medical & Dental,403 East Meeker St,Kent,98030,(253) 852-2866,HealthPoint,"Medical, Dental,Pharmacy,Behavioral Health,WIC,Pediatrics,OB / GYN,Natural Medicine,Nutrition,Acupuncture",King,http://www.healthpointchc.org/,Kent,98030,WA,MAF,100,Close,-122.22934,47.38191,2018/06/11 16:09:13+00
-13607159.107819,6004321.82461365,94,Sea Mar CHC - Kent 233 2nd Ave. S.,233 Second Ave. South,Kent,98032,(206) 436-6380,Sea Mar Community Health Centers,Medical,King,http://www.seamar.org/,Kent,98032,WA,MAF,100,Close,-122.23519,47.38,2018/06/11 16:09:13+00
-13609421.119872,6004584.86587861,95,Sea Mar CHC - Kent W. Meeker St.,1601 W. Meeker St.,Kent,98032,(206) 764-8019,Sea Mar Community Health Centers,Behavioral Health,King,http://www.seamar.org/,Kent,98032,WA,MAF,100,Close,-122.25551,47.3816,2018/06/11 16:09:14+00
-13614241.2538233,6002696.0779351,96,Sea Mar CHC - Mercy Housing Kent,25818 26th Place S.,Kent,98032,(206) 718-4920,Sea Mar Community Health Centers,Medical,King,http://www.seamar.org/,Kent,98032,WA,MAF,100,Close,-122.29881,47.37011,2018/06/11 16:09:14+00
-13637620.5732797,6073306.49808756,97,PCHS Kingston Clinic,25989 Barber Cut Off Rd.,Kingston,98346,360-377-3776,Peninsula Community Health Services,Medical,Kitsap,https://www.pchsweb.org/find-a-location/,Kingston,98346,WA,MAF,100,Close,-122.50883,47.79795,2018/06/11 16:09:14+00
-13672657.269812,5949089.05911537,98,Sea Mar CHC - Lacey Woodland Square Loop,669 Woodland Square Loop,Lacey,98503,(360) 359-4840,Sea Mar Community Health Centers,"Medical, Dental",Thurston,http://www.seamar.org/,Lacey,98503,WA,MAF,100,Close,-122.82357,47.04296,2018/06/11 16:09:15+00
-13638938.5960507,5968442.19481811,99,Lakewood Family Medical & Dental Clinics,10510 Gravelly Lake Dr. SW,Lakewood,98499,(253) 589-7030,Community Health Care,"Medical, Dental,Pharmacy,Urgent Care",Pierce,http://www.commhealth.org/,Lakewood,98499,WA,Roads,100,Close,-122.52067,47.1613,2018/06/11 16:09:15+00
-13642704.5344242,5962309.75460979,100,Sea Mar CHC - Tillicum Community Center,14916 Washington Ave. SW,Lakewood,98662,(253) 280-9890,Sea Mar Community Health Centers,"Medical, WIC",Pierce,http://www.seamar.org/,Lakewood,98498,WA,Parcels,100,Close,-122.5545,47.12383,2018/06/11 16:09:16+00
-13070992.119998,6231644.38772117,101,Selkirk Community Health Center,208 Cedar Creek Terrace,Lone,99139,(509) 442-3514,Northeast Washington Health Programs,Medical,Pend Oreille,http://www.newhp.org/,Ione,99139,WA,MAF,100,Close,-117.41872,48.74465,2018/06/11 16:09:16+00
-13685631.5564639,5802902.74103571,102,Cowlitz Family Health & Olympia Way Clinic,1717 Olympia Way,Longview,98632,(360) 423-7740,Cowlitz Family Health Center,"WIC, First Steps",Cowlitz,http://cowlitzfamilyhealth.org/,Longview,98632,WA,MAF,100,Close,-122.94012,46.14056,2018/06/11 16:09:17+00
-13685501.3126597,5800901.15233239,103,Family Health Center 14th Ave Clinic,784 14th Avenue,Longview,98632,360-703-6400,Cowlitz Family Health Center,"Medical, Behavioral Health,Family Planning",Cowlitz,,Longview,98632,WA,MAF,100,Close,-122.93895,46.1281,2018/06/11 16:09:17+00
-13683884.9536534,5802321.17340503,104,Family Health Center Broadway Campus,600 Broadway St,Longview,98632,360-425-9600,Cowlitz Family Health Center,"Substance Abuse, Women's Health,OB / GYN",Cowlitz,,Longview,98632,WA,MAF,100,Close,-122.92443,46.13694,2018/06/11 16:09:18+00
-13685054.9215016,5801726.79295829,105,Family Health Center Dental Clinic,1057 12th Ave.,Longview,98632,360-414-1300,Cowlitz Family Health Center,Dental,Cowlitz,,Longview,98632,WA,MAF,100,Close,-122.93494,46.13324,2018/06/11 16:09:18+00
-13685054.9215016,5801726.79295829,106,Longview Clinic - Cowlitz Family Health Center,1057 12th Ave.,Longview,98632,360 636 3892,Cowlitz Family Health Center,"Medical, Administrative,Behavioral Health,Family Planning",Cowlitz,http://cowlitzfamilyhealth.org/,Longview,98632,WA,MAF,100,Close,-122.93494,46.13324,2018/06/11 16:09:19+00
-13094537.3054957,6117350.52540886,107,Loon Lake Community Health Center,3994 Colville Rd.,Loon Lake,99148,(509) 233-8412,Northeast Washington Health Programs,Medical,Stevens,http://www.newhp.org/,Loon Lake,99148,WA,Parcels,100,Close,-117.63023,48.06305,2018/06/11 16:09:19+00
-13613124.7193307,6077493.51165566,108,Lynnwood Community Health Center,4111 194th ST SW,Lynnwood,98036,(425) 835-5200,Community Health Center of Snohomish County,"Medical, Dental,Pharmacy,Walk In Clinic",Snohomish,http://www.chcsno.org/,Lynnwood,98036,WA,MAF,100,Close,-122.28878,47.82321,2018/06/11 16:09:20+00
-13613154.7755932,6076596.59665366,109,Sea Mar CHC - Lynnwood Alderwood Mall Blvd.,4111 Alderwood Mall Blvd. ,Lynnwood,98036,,Sea Mar Community Health Centers,Behavioral Health,Snohomish,http://www.seamar.org/,Lynnwood,98036,WA,MAF,100,Close,-122.28905,47.8178,2018/06/11 16:09:20+00
-13599233.1600746,6117005.73649704,110,Sea Mar CHC - Marysville Grove St. NE,4922 Grove St. NE,Marysville,98270,360-657-3091,Sea Mar Community Health Centers,Dental,Snohomish,http://www.seamar.org/,Marysville,98270,WA,MAF,100,Close,-122.16399,48.06098,2018/06/11 16:09:21+00
-13600405.3543126,6120804.17643765,111,Sea Mar CHC - Marysville State Ave.,9710 State Ave.,Marysville,98270,(360) 653-1742,Sea Mar Community Health Centers,"Medical, Dental",Snohomish,http://www.seamar.org/,Marysville,98270,WA,MAF,100,Close,-122.17452,48.08378,2018/06/11 16:09:21+00
-13347133.4752496,5899427.98631226,112,Wahluke Family Clinic,601 Government Way,Mattawa,99344,(509) 932 3535,Columbia Basin Health Association,"Medical, Dental,Pharmacy,Behavioral Health,WIC,Women's Health,OB / GYN",Grant,,Mattawa,99349,WA,Parcels,89,Close,-119.89934,46.73809,2018/06/11 16:09:22+00
-13615984.5170491,5982499.12248658,113,WIC,1400 15th Ave.,Milton,98354,(253) 922-3888,Sea Mar Community Health Centers,WIC,Pierce,http://www.seamar.org/,Milton,98354,WA,Parcels,100,Close,-122.31447,47.24709,2018/06/11 16:09:22+00
-13582151.1842123,6085226.44130713,114,Sea Mar CHC - Monroe Fryelands Blvd. SE,14090 Fryelands Blvd,Monroe,98272,(360) 805-3122,Sea Mar Community Health Centers,Behavioral Health,Snohomish,http://www.seamar.org/,Monroe,98272,WA,MAF,100,Close,-122.01054,47.86983,2018/06/11 16:09:22+00
-13580189.7347846,6082057.45498656,115,Sea Mar CHC - Monroe W. Main St.,17707 W. Main St,Monroe,98272,(360) 282-3885,Sea Mar Community Health Centers,"Medical, Dental",Snohomish,http://www.seamar.org/,Monroe,98272,WA,MAF,100,Close,-121.99292,47.85073,2018/06/11 16:09:23+00
-13611536.190197,5870114.41064797,116,Valley View Health Center - Morton,148 E Division Avenue,Morton,98356,360 496 5101,Valley View Health Center,Dental,Lewis,http://www.vvhc.org/,Morton,98356,WA,Parcels,91,Close,-122.27451,46.55732,2018/06/11 16:09:23+00
-13276332.0527152,5963185.08544543,117,Moses Lake Community Health Center,605 Coolidge Drive,Moses Lake,98837,(509) 765-0674,Moses Lake Community Health Center,"Medical, Dental,Administrative,Pharmacy,Behavioral Health,WIC,Women's Health,OB / GYN,Family Resource Coordination",Grant,https://www.mlchc.org/,Moses Lake,98837,WA,Roads,91,Close,-119.26332,47.12918,2018/06/11 16:09:23+00
-13617391.5954128,6179581.20378595,118,Sea Mar CHC - Mt. Vernon E. College Way,1010 E. College Way,Mt. Vernon,98273,(360) 542-8920,Sea Mar Community Health Centers,Behavioral Health,Skagit,http://www.seamar.org/,Mount Vernon,98273,WA,Parcels,100,Close,-122.32711,48.4353,2018/06/11 16:09:24+00
-13616580.0763249,6177360.02068541,119,Sea Mar CHC - Mt. Vernon N. 18th St.,125 N. 18th St.,Mt. Vernon,98273,360-588-5570,Sea Mar Community Health Centers,Medical,Skagit,http://www.seamar.org/,Mount Vernon,98273,WA,Parcels,100,Close,-122.31982,48.42206,2018/06/11 16:09:25+00
-13615814.1982282,6179269.1295269,120,Sea Mar CHC - Mt. Vernon N. LaVenture Rd.,1400 Laventure Rd.,Mt. Vernon,98273,(360) 428-4075,Sea Mar Community Health Centers,"Medical, Dental,Pharmacy",Skagit,http://www.seamar.org/,Mount Vernon,98273,WA,Parcels,100,Close,-122.31294,48.43344,2018/06/11 16:09:25+00
-13436138.9741133,5898234.20044265,121,Naches Medical Clinic,102 E. 2nd Street,Naches,98937,(509) 653-2235,Community Health of Central Washington,Medical,Yakima,http://chcw.org/,Naches,98937,WA,Parcels,100,Close,-120.69889,46.73074,2018/06/11 16:09:26+00
-13087584.2901007,6075718.0089922,122,Lake Spokane Community Clinic,5952 Blackstone Way,Nine Mile Falls,99026,509-464-0002,Northeast Washington Health Programs,"Medical, Dental",Stevens,http://www.newhp.org/,Nine Mile Falls,99026,WA,Parcels,100,Close,-117.56777,47.8125,2018/06/11 16:09:26+00
-13111553.6028583,6260689.80363749,123,Northport Community Health Center,411 Summit,Northport,99157,(509) 732-4252,Northeast Washington Health Programs,Medical,Stevens,http://www.newhp.org/,Northport,99157,WA,Parcels,100,Close,-117.78309,48.91641,2018/06/11 16:09:26+00
-13654242.799645,6155631.67521462,124,Sea Mar CHC - Oak Harbor 31775 SR 20,31775 State Route 20,Oak Harbor,98277,(360) 679-9216,Sea Mar Community Health Centers,Dental,Island,http://www.seamar.org/,Oak Harbor,98277,WA,Parcels,89,Close,-122.65815,48.29236,2018/06/11 16:09:27+00
-13650481.3140511,6166666.51447185,125,Sea Mar CHC - Oak Harbor Behavioral Health,31640 State Route 20,Oak Harbor,98277,(360) 679-7676,Sea Mar Community Health Centers,Behavioral Health,Island,http://www.seamar.org/,Oak Harbor,98277,WA,Roads,100,Close,-122.62436,48.35827,2018/06/11 16:09:27+00
-13809431.0753701,5854253.89534734,126,North Beach Clinic,21610 Old Pacific Hwy,Ocean Park,98640,360 665 3000,Cowlitz Family Health Center,"Medical, Dental",Pacific,http://cowlitzfamilyhealth.org/,Ocean Park,98640,WA,NavteqPoints,82,Close,-124.05223,46.45926,2018/06/11 16:09:28+00
-13821569.3526462,5942400.52944592,127,Sea Mar CHC - Ocean Shores Point Brown Ave.,597 Point Brown Ave. NW,Ocean Shores,98569,(360) 289-2427,Sea Mar Community Health Centers,"Medical, Dental",Grays Harbor,http://www.seamar.org/,Ocean Shores,98569,WA,Parcels,100,Close,-124.16127,47.002,2018/06/11 16:09:29+00
-13822133.7424645,5944215.85336132,128,WIC,824 Ocean Shores Blvd. NW,Ocean Shores,98569,(360) 482-4510,Sea Mar Community Health Centers,WIC,Grays Harbor,http://www.seamar.org/,Ocean Shores,98569,WA,Roads,100,Close,-124.16634,47.01312,2018/06/11 16:09:29+00
-13312185.8343099,6166818.96911711,129,Administration/Patient Accounts/WIC- Family Health Centers,716 First Ave. S,Okanogan,98840,(800) 660-2129,Family Health Centers,"Administrative, WIC",Okanogan,http://www.myfamilyhealth.org/,Okanogan,98840,WA,MAF,100,Close,-119.5854,48.35918,2018/06/11 16:09:30+00
-13312101.2314969,6167113.83418023,130,Okanogan Dental Clinic,626 Second Ave. S.,Okanogan,98840,(509) 422-6705,Family Health Centers,"Dental, School Screenings",Okanogan,http://www.myfamilyhealth.org/,Okanogan,98840,WA,MAF,100,Close,-119.58464,48.36094,2018/06/11 16:09:30+00
-13685556.9724051,5950028.41160515,131,Sea Mar CHC - Olympia 3030 Limited Lane NW,3030 Limited Lane,Olympia,98502,(360) 491-1399,Sea Mar Community Health Centers,"Medical, Pharmacy,Behavioral Health",Thurston,http://www.seamar.org/,Olympia,98502,WA,MAF,100,Close,-122.93945,47.04871,2018/06/11 16:09:31+00
-13675050.638864,5950154.21084399,132,Sea Mar CHC - Thurston County Walk-In Clinic,205 Lilly Rd. NE,Olympia,98506,(360) 742-5000,Sea Mar Community Health Centers,Medical,Thurston,http://www.seamar.org/,Olympia,98506,WA,MAF,100,Close,-122.84507,47.04948,2018/06/11 16:09:31+00
-13674583.0970027,5949762.11531144,133,Valley View Health Center - Olympia,3775 Martin Way E,Olympia,98506,360 236 7166,Valley View Health Center,"Medical, Dental",Thurston,http://www.vvhc.org/,Olympia,98506,WA,MAF,100,Close,-122.84087,47.04708,2018/06/11 16:09:32+00
-13682701.6274663,5946578.62597529,134,WIC,905 24th Way SW,Olympia,98502,(360) 754-2936,Sea Mar Community Health Centers,WIC,Thurston,http://www.seamar.org/,Olympia,98502,WA,MAF,100,Close,-122.9138,47.02759,2018/06/11 16:09:32+00
-13302824.9783291,6177849.83912468,135,Omak Medical Clinic/Pharmacy,1003 Koala Avenue,Omak,98841,(509) 422-5700,Family Health Centers,"Medical, Pharmacy,Behavioral Health,Urgent Care,Substance Abuse,Pediatrics,OB / GYN,Family Planning,Home Health",Okanogan,http://www.myfamilyhealth.org/,Omak,98841,WA,MAF,89,Close,-119.50131,48.42498,2018/06/11 16:09:32+00
-13660956.4781347,5873040.23191613,136,Valley View Health Center - Onalaska,1810 Hwy 508,Onalaska,98570,360 978 6600,Valley View Health Center,Medical,Lewis,http://www.vvhc.org/,Onalaska,98570,WA,Parcels,100,Close,-122.71846,46.57539,2018/06/11 16:09:33+00
-13158409.0897281,6252127.83234982,137,Kettle River Community Health Center,141 Third Ave.,Orient,99160,(509) 684-5521,Northeast Washington Health Programs,Medical,Ferry,http://www.newhp.org/,Orient,99160,WA,Roads,100,Close,-118.204,48.86584,2018/06/11 16:09:33+00
-13295542.4572414,6264366.47305936,138,Oroville Dental Clinic,1321 Main St,Oroville,98844,(509) 476-4400,Family Health Centers,"Dental, School Screenings",Okanogan,http://www.myfamilyhealth.org/,Oroville,98844,WA,MAF,100,Close,-119.43589,48.93811,2018/06/11 16:09:34+00
-13264302.8685401,5914384.39990876,139,14th Avenue Medical & Dental Center,475 N. 14th Avenue,Othello,98344,(509) 488-6644,Columbia Basin Health Association,"Medical, Dental",Adams,http://cbha.org/,Othello,99344,WA,Parcels,100,Close,-119.15526,46.83009,2018/06/11 16:09:34+00
-13266306.6193744,5913689.66118973,140,Othello Family Clinic,140 E. Main St,Othello,99344,(509) 488-5256,Columbia Basin Health Association,"Medical, Dental,Administrative,Pharmacy,Behavioral Health,Eye Care",Adams,http://cbha.org/,Othello,99344,WA,Parcels,100,Close,-119.17326,46.82582,2018/06/11 16:09:35+00
-13257637.0574314,5817274.14522473,141,La Posada East,627 W. Lewis St.,Pasco,99301,,Sea Mar Community Health Centers,Housing,Franklin,http://www.seamar.org/,Pasco,99301,WA,MAF,100,Close,-119.09538,46.22994,2018/06/11 16:09:35+00
-13257846.3380741,5817203.34037869,142,La Posada West,725 W. Lewis St,Pasco,99301,,Sea Mar Community Health Centers,Housing,Franklin,http://www.seamar.org/,Pasco,99301,WA,MAF,100,Close,-119.09726,46.2295,2018/06/11 16:09:36+00
-13257877.5075315,5819132.97548033,143,Minne Pesina Clinical Service Building,715 West Court Street,Pasco,99301,509-547-2204,Tri-Cities Community Health,"Dental, Behavioral Health,WIC,Women's Health,Counseling",Franklin,,Pasco,99301,WA,MAF,100,Close,-119.09754,46.24149,2018/06/11 16:09:36+00
-13264768.1840116,5819359.92441473,144,Miramar Health Center,1608 N. Road 44,Pasco,99301,509-543-9280,Yakima Valley Farm Workers Clinic,Medical,Franklin,http://www.yvfwc.com/,Pasco,99301,WA,MAF,100,Close,-119.15944,46.2429,2018/06/11 16:09:37+00
-13255145.7272275,5819776.81744231,145,Ochoa School Based Clinic,1801 E. Sheppard St.,Pasco,99301,509-547-2204,Tri-Cities Community Health,School Based,Franklin,,Pasco,99301,WA,MAF,100,Close,-119.073,46.24549,2018/06/11 16:09:37+00
-13257720.5470495,5819129.75638846,146,Tri-Cities Community Health Center,515 W Court St.,Pasco,99301,509-547-2204,Tri-Cities Community Health,"Medical, Dental,Administrative,Pharmacy,Eye Care,Women's Health,Pediatrics,OB / GYN",Franklin,,Pasco,99301,WA,MAF,100,Close,-119.09613,46.24147,2018/06/11 16:09:37+00
-13257720.5470495,5819129.75638846,147,Walk In Primary Care,515 W. Court St,Pasco,99301,509-547-2204,Tri-Cities Community Health,Urgent Care,Franklin,,Pasco,99301,WA,MAF,100,Close,-119.09613,46.24147,2018/06/11 16:09:38+00
-13725412.6896938,5872601.37755352,148,Valley View Health Center - Pe Ell,402 N. Main Street,Pe Ell,98572,360 291 3232,Valley View Health Center,Medical,Lewis,http://www.vvhc.org/,Pe Ell,98572,WA,NavteqStreets,100,Close,-123.29748,46.57268,2018/06/11 16:09:38+00
-13697200.9911421,6272947.63070372,149,Point Roberts Clinic,2030 Benson Road,Point Roberts,98281,(360) 945-2580,Unity Care NW,Medical,Whatcom,http://unitycarenw.org/,Point Roberts,98281,WA,Parcels,100,Close,-123.04405,48.98872,2018/06/11 16:09:39+00
-13740903.9100326,6127035.2634514,150,North Olympic Healthcare Network,240 W. Front Street,Port Angeles,98362,360-452-7891,North Olympic Healthcare Network,"Medical, Administrative,Behavioral Health,Substance Abuse,Women's Health,Pediatrics,OB / GYN,Family Planning",Clallam,http://nohn-pa.org/,Port Angeles,98362,WA,Parcels,100,Close,-123.43664,48.12116,2018/06/11 16:09:39+00
-13741026.3614725,6126820.15042698,151,Sea Mar CHC - Port Angeles Dental,228 West First St.,Port Angeles,98362,(360) 406-5260,Sea Mar Community Health Centers,Dental,Clallam,http://www.seamar.org/,Port Angeles,98362,WA,Parcels,100,Close,-123.43774,48.11987,2018/06/11 16:09:40+00
-13653710.692479,6027191.84782005,152,PCHS Port Orchard Dental Clinic,1950 Pottery Avenue,Port Orchard,98366,,Peninsula Community Health Services,Dental,Kitsap,http://www.pchsweb.org/,Port Orchard,98366,WA,MAF,100,Close,-122.65337,47.51893,2018/06/11 16:09:40+00
-13653786.3897327,6027686.36134823,153,PCHS Port Orchard Medical Clinic,320 South Kitsap Blvd.,Port Orchard,98366,(360) 876-7215,Peninsula Community Health Services,"Medical, Pharmacy,Behavioral Health,Substance Abuse,Pediatrics,Nutrition,Patient Navigator",Kitsap,http://www.pchsweb.org/,Port Orchard,98366,WA,Parcels,100,Close,-122.65405,47.52193,2018/06/11 16:09:41+00
-13652298.0481408,6064390.60242887,154,Poulsbo Medical Clinic,19917 7th Avenue,Poulsbo,98370,(360) 779-1963,Peninsula Community Health Services,"Medical, Pharmacy,Behavioral Health,Substance Abuse,Pediatrics,Nutrition,Patient Navigator",Kitsap,http://www.pchsweb.org/,Poulsbo,98370,WA,MAF,100,Close,-122.64068,47.74412,2018/06/11 16:09:41+00
-13332056.3634165,5813644.51890144,155,Valley Vista Medical Group,820 Memorial St,Prosser,99350,509 786-2010,Yakima Valley Farm Workers Clinic,"Medical, Pharmacy",Benton,http://www.yvfwc.com/,Prosser,99350,WA,Roads,100,Close,-119.7639,46.20738,2018/06/11 16:09:42+00
-13613715.8258268,5964958.92293951,156,Sea Mar CHC - Puyallup 101st Ave. Ct. E.,12812 101st Ave. E,Puyallup,98373,(253) 864-4770,Sea Mar Community Health Centers,Behavioral Health,Pierce,http://www.seamar.org/,Puyallup,98373,WA,Roads,100,Close,-122.29409,47.14002,2018/06/11 16:09:42+00
-13613436.4139049,5965376.25275155,157,Sea Mar CHC - Puyallup 125th Street Ct. E.,10217 125th St. Ct. E,Puyallup,98374,(253) 864-4550,Sea Mar Community Health Centers,"Medical, Dental",Pierce,http://www.seamar.org/,Puyallup,98374,WA,Parcels,100,Close,-122.29158,47.14257,2018/06/11 16:09:43+00
-13342089.5891217,5979074.14386519,158,Quincy Community Health Center,1450 First Ave. SW,Quincy,98848,(509) 787-6423,Moses Lake Community Health Center,"Medical, Dental,Behavioral Health,WIC,Women's Health,OB / GYN",Grant,https://www.mlchc.org/,Quincy,98848,WA,Parcels,100,Close,-119.85403,47.2262,2018/06/11 16:09:43+00
-13773941.3085103,5890568.61217839,159,Valley View Health Center - Raymond,300 Ocean Avenue,Raymond,98577,360 942 3040,Valley View Health Center,"Medical, Dental",Pacific,http://www.vvhc.org/,Raymond,98577,WA,Roads,100,Close,-123.73342,46.68352,2018/06/11 16:09:43+00
-13594546.6095122,6053707.98821617,160,Redmond Dental,16345 NE 87th St,Redmond,98052,425-883-8000,HealthPoint,"Dental, Pharmacy",King,http://www.healthpointchc.org/,Redmond,98052,WA,MAF,100,Close,-122.12189,47.67955,2018/06/11 16:09:44+00
-13594546.6095122,6053707.98821617,161,Redmond Medical,16345 NE 87th St.,Redmond,98052,(425) 882-1697,HealthPoint,"Medical, Pharmacy,Behavioral Health,Pediatrics,Natural Medicine,Nutrition,Acupuncture",King,http://www.healthpointchc.org/,Redmond,98052,WA,MAF,100,Close,-122.12189,47.67955,2018/06/11 16:09:44+00
-13606817.3569823,6019204.42637628,162,HealthPoint Administration,955 Powell Ave SW,Renton,98057,(425) 277-1311,HealthPoint,Administrative,King,http://www.healthpointchc.org/,Renton,98057,WA,MAF,100,Close,-122.23212,47.47045,2018/06/11 16:09:45+00
-13604898.208961,6021040.81459295,163,Renton Medical,200 S. 2nd St.,Renton,98055,(425) 226-5536,HealthPoint,Medical,King,http://www.healthpointchc.org/,Renton,98057,WA,MAF,100,Close,-122.21488,47.4816,2018/06/11 16:09:45+00
-13278216.6916944,5825135.40375247,164,Endocrinology / Diabetes Center,915 Goethals Dr.,Richland,99352,509-547-7006,Tri-Cities Community Health,"Endocrinology, Diabetes Care",Benton,http://www.mytcch.org/locations/richland,Richland,99352,WA,Parcels,100,Close,-119.28025,46.27877,2018/06/11 16:09:45+00
-13278206.6729402,5825038.76582305,165,Richland Medical,829 Goethals Dr,Richland,99352,509-547-2204,Tri-Cities Community Health,"Medical, Behavioral Health",Benton,,Richland,99352,WA,Parcels,100,Close,-119.28016,46.27817,2018/06/11 16:09:46+00
-13703171.0554333,5912303.60268882,166,WIC,18543 Albany St. SW,Rochester,98579,(360) 754-2936,Sea Mar Community Health Centers,WIC,Thurston,http://www.seamar.org/,Rochester,98579,WA,MAF,100,Close,-123.09768,46.8173,2018/06/11 16:09:46+00
-13612418.953759,6013317.43519822,167,SeaTac Medical,4040 S. 188th Street,SeaTac,98188,(206) 277-7200,HealthPoint,"Medical, Pharmacy,Natural Medicine,Nutrition",King,http://www.healthpointchc.org/,Seatac,98188,WA,MAF,100,Close,-122.28244,47.43469,2018/06/11 16:09:47+00
-13611895.7521523,6013506.69170769,168,Tyee Campus Health Center,4424 South 188th St.,SeaTac,98188,(206) 444-7746,HealthPoint,"Medical, Behavioral Health,School Based",King,http://www.healthpointchc.org/,Seatac,98188,WA,MAF,100,Close,-122.27774,47.43584,2018/06/11 16:09:47+00
-13618574.9215999,6050654.69986147,169,45th Street Clinic,1629 N. 45th St.,Seattle,98103,(206) 633-3350,Neighborcare Health,"Medical, Dental,Pharmacy,Pediatrics,OB / GYN,Child Development,Family Planning,Nutrition,Chronic Disease Management",King,http://www.neighborcare.org/,Seattle,98103,WA,MAF,100,Close,-122.33774,47.66108,2018/06/11 16:09:47+00
-13616110.3080737,6040753.4115871,170,Bailey Gatzert School-Based Health Center,1301 E. Yesler Way,Seattle,98122,(206) 548-3162,Neighborcare Health,"Medical, School Based",King,http://www.neighborcare.org/,Seattle,98122,WA,MAF,100,Close,-122.3156,47.60114,2018/06/11 16:09:48+00
-13623417.3194494,6052000.19566917,171,Ballard Homeless Medical Clinic,1753 NW 56th Street,Seattle,98107,206-782-5939,Neighborcare Health,"Medical, Behavioral Health,OB / GYN,Homeless Outreach,Patient Navigator,Geriatric Care",King,http://www.neighborcare.org/,Seattle,98107,WA,MAF,100,Close,-122.38124,47.66922,2018/06/11 16:09:48+00
-13614677.6262272,6040722.04416781,172,"Cannon House, LEAP, SYVPI, Turning Point Treatment Center",113 23rd Ave. S,Seattle,98144,,Sea Mar Community Health Centers,Substance Abuse,King,http://www.seamar.org/,Seattle,98144,WA,MAF,100,Close,-122.30273,47.60095,2018/06/11 16:09:49+00
-13614891.3596495,6040783.12819467,173,Carolyn Downs Family Medical Center,2101 E. Yesler Way,Seattle,98122,206-299-1900,Country Doctor Community Health Centers,"Medical, Pharmacy,Diabetic Retinal Screening",King,http://countrydoctor.org/carolyn-downs-fmc/,Seattle,98122,WA,MAF,100,Close,-122.30465,47.60132,2018/06/11 16:09:49+00
-13614891.3596495,6040783.12819467,174,Central District Dental,2101 E. Yesler Way,Seattle,98122,(206) 461-7801,Neighborcare Health,Dental,King,http://www.neighborcare.org/,Seattle,98122,WA,MAF,100,Close,-122.30465,47.60132,2018/06/11 16:09:50+00
-13616554.472842,6028101.77456603,175,Cesar Chavez Village,1010 S. Henderson St.,Seattle,98108,,Sea Mar Community Health Centers,Housing,King,http://www.seamar.org/,Seattle,98108,WA,MAF,100,Close,-122.31959,47.52445,2018/06/11 16:09:50+00
-13621741.961113,6028833.74165107,176,Chief Sealth School-Based Health Center,2600 Thistle St.,Seattle,98126,(206) 938-1360,Neighborcare Health,"Medical, School Based",King,http://www.neighborcare.org/,Seattle,98126,WA,MAF,100,Close,-122.36619,47.52889,2018/06/11 16:09:50+00
-13615614.9363397,6041709.34705392,177,Country Doctor After Hours Clinic,550 16th Avenue,Seattle,98122,(206) 320 -5556,Country Doctor Community Health Centers,"Medical, Diabetic Retinal Screening",King,,Seattle,98122,WA,MAF,100,Close,-122.31115,47.60693,2018/06/11 16:09:51+00
-13615152.9604529,6044430.79283264,178,Country Doctor Community Clinic,500 19th Ave. E.,Seattle,98112,(206) 299-1600,Country Doctor Community Health Centers,"Medical, Administrative,Pharmacy,Diabetic Retinal Screening",King,,Seattle,98112,WA,Parcels,100,Close,-122.307,47.62341,2018/06/11 16:09:51+00
-13613959.6155116,6032687.48210319,179,Dearborn Park School-Based Health Center,2820 S. Orcas St,Seattle,98108,(206)548-3166,Neighborcare Health,"Medical, School Based",King,http://www.neighborcare.org/,Seattle,98108,WA,MAF,100,Close,-122.29628,47.55226,2018/06/11 16:09:52+00
-13621726.3763843,6029239.31765856,180,Denny International School-Based Health Center,2601 SW Kenyon St,Seattle,98106,(206) 923-2809,Neighborcare Health,"Medical, School Based",King,http://www.neighborcare.org/,Seattle,98126,WA,MAF,100,Close,-122.36605,47.53135,2018/06/11 16:09:52+00
-13619560.0990934,6024030.9260496,181,Evergreen Campus,830 SW 116th St,Seattle,98146,206-835-2615,HealthPoint,"Behavioral Health, School Based",King,http://www.healthpointchc.org/,Seattle,98146,WA,MAF,100,Close,-122.34659,47.49975,2018/06/11 16:09:53+00
-13616140.3643362,6031910.65933378,182,Georgetown Dental,6200 13th Ave. S,Seattle,98108,(206) 461-6943,Neighborcare Health,Dental,King,http://www.neighborcare.org/,Seattle,98108,WA,MAF,100,Close,-122.31587,47.54755,2018/06/11 16:09:53+00
-13620310.3924614,6055488.88322388,183,Greenwood Medical,415 North 85th St.,Seattle,98103,(206) 782-8660,Neighborcare Health,"Medical, Pharmacy,Behavioral Health,WIC,Women's Health,Pediatrics,OB / GYN,Child Development,Nutrition,Social Work Services,Chronic Disease Management",King,http://www.neighborcare.org/,Seattle,98103,WA,MAF,100,Close,-122.35333,47.69032,2018/06/11 16:09:53+00
-13619066.9537492,6042974.18422493,184,Healthcare for the Homeless Network (King County),2124 4th Avenue,Seattle,98121,,Public Health - Seattle & King County,"Administrative, Counseling",King,,Seattle,98121,WA,MAF,100,Close,-122.34216,47.61459,2018/06/11 16:09:54+00
-13611259.004665,6027437.45267123,185,Thunderbird Treatment Center,9236 Renton Ave. S.,Seattle,98118,206-722-7152,Seattle Indian Health Board,Substance Abuse,King,http://www.sihb.org/,Seattle,98118,WA,Parcels,100,Close,-122.27202,47.52042,2018/06/11 16:09:54+00
-13619488.8546193,6065402.14131682,186,Shoreline Medical & Dental Clinic,16549 Aurora Ave N,Shoreline,98133,206 533 2600,International Community Health Services,"Medical, Dental,Pharmacy",King,http://www.ichs.com/,Shoreline,98133,WA,MAF,100,Close,-122.34595,47.75023,2018/06/11 16:09:55+00
-13629349.5351138,5956140.75987621,187,Spanaway Family Medical & Dental Clinics,134 188th St. S,Spanaway,98387,(253) 847-2304,Community Health Care,"Medical, Dental,Pharmacy",Pierce,http://www.commhealth.org/,Spanaway,98387,WA,Parcels,100,Close,-122.43453,47.08611,2018/06/11 16:09:55+00
-13070924.2151086,6050325.79606821,188,CHAS Administration,203 N. Washington,Spokane,99201,(509) 444 8888,Community Health Association of Spokane,Administrative,Spokane,,Spokane,99201,WA,Roads,100,Close,-117.41811,47.65909,2018/06/11 16:09:56+00
-13071886.015509,6049512.68069857,189,Denny Murphy Clinic,1001 W. 2nd Ave,Spokane,99201,(509) 444-8200,Community Health Association of Spokane,"Medical, Dental,Pharmacy,Behavioral Health,Homeless Outreach",Spokane,,Spokane,99201,WA,MAF,100,Close,-117.42675,47.65417,2018/06/11 16:09:56+00
-13072873.4193924,6056066.05808662,190,Maple Clinic,3919 N. Maple,Spokane,99205,(509) 444 8200,Community Health Association of Spokane,"Medical, Dental,Pharmacy,Behavioral Health,Pediatrics",Spokane,,Spokane,99205,WA,MAF,100,Close,-117.43562,47.69381,2018/06/11 16:09:56+00
-13065012.0369526,6059050.12245332,191,Market Street Clinic,5921 N. Market St,Spokane,99208,(509) 444 8200,Community Health Association of Spokane,"Medical, Pharmacy,Behavioral Health,Pediatrics",Spokane,,Spokane,99208,WA,MAF,100,Close,-117.365,47.71185,2018/06/11 16:09:57+00
-13073209.6042546,6052228.32264102,192,NATIVE Project,1803 West Maxwell,Spokane,99201,(509) 325-5502,The NATIVE Project,"Medical, Dental,Administrative,Pharmacy,Substance Abuse,Pediatrics,Family Planning,DSHS Eligibility Worker,RSN Funded Mental Health,Patient Navigator,Tribal Assistor,Child Welfare Services",Spokane,,Spokane,99201,WA,MAF,100,Close,-117.43864,47.6706,2018/06/11 16:09:57+00
-13067707.0818247,6048456.73667846,193,Perry Street Clinic,817 S. Perry,Spokane,99202,(509) 444-8200,Community Health Association of Spokane,"Medical, Pharmacy,Behavioral Health,Pediatrics",Spokane,,Spokane,99202,WA,MAF,89,Close,-117.38921,47.64778,2018/06/11 16:09:58+00
-13069662.9652779,6059079.90213561,194,Spokane Urgent Care,5901 N. Lidgerwood,Spokane,99208,(509) 434-1990,Community Health Association of Spokane,"Medical, Pharmacy,Urgent Care",Spokane,,Spokane,99208,WA,MAF,100,Close,-117.40678,47.71203,2018/06/11 16:09:58+00
-13070432.1829593,6052454.80248578,195,Unify Community Health Mission Avenue,120 West Mission Ave.,Spokane,99210,509 326 4343,Yakima Valley Farm Workers Clinic,"Medical, Dental,Pharmacy",Spokane,http://www.yvfwc.com/,Spokane,99201,WA,MAF,100,Close,-117.41369,47.67197,2018/06/11 16:09:58+00
-13066022.817929,6056120.63535909,196,Unify Community Health Northeast,4001 N. Cook Street,Spokane,99207,509-483-3427,Yakima Valley Farm Workers Clinic,"Medical, Dental",Spokane,http://www.yvfwc.com/,Spokane,99207,WA,MAF,100,Close,-117.37408,47.69414,2018/06/11 16:09:59+00
-13073712.768353,6052588.70942438,197,Unify Community Health West Central,1603 N. Belt St.,Spokane,99205,,Yakima Valley Farm Workers Clinic,"Medical, Dental,Pharmacy",Spokane,http://www.yvfwc.com/,Spokane,99205,WA,MAF,100,Close,-117.44316,47.67278,2018/06/11 16:09:59+00
-13050386.8822521,6052304.36630546,198,Spokane Urgent Care - Valley,1502 N. Vercler Rd.,Spokane Valley,99216,(509) 444-8204,Community Health Association of Spokane,"Medical, Urgent Care",Spokane,,Spokane Valley,99216,WA,MAF,100,Close,-117.23362,47.67106,2018/06/11 16:10:00+00
-13045750.4254606,6051955.56283674,199,Valley Medical Clinic,15812 E. Indiana,Spokane Valley,99216,(509) 444-8200,Community Health Association of Spokane,"Medical, Pharmacy,Behavioral Health,Pediatrics",Spokane,,Spokane Valley,99216,WA,MAF,100,Close,-117.19197,47.66895,2018/06/11 16:10:00+00
-13107376.8955638,6116272.89790595,200,Springdale Community Dental Clinic,105 N. 2nd,Springdale,99173,(509) 258-7543,Northeast Washington Health Programs,Dental,Stevens,http://www.newhp.org/,Springdale,99173,WA,Parcels,100,Close,-117.74557,48.05658,2018/06/11 16:10:00+00
-13106962.787058,6116039.73512438,201,Springdale Community Health Center,114 S. Main,Springdale,99173,(509) 258-4234,Northeast Washington Health Programs,Medical,Stevens,http://www.newhp.org/,Springdale,99173,WA,Parcels,100,Close,-117.74185,48.05518,2018/06/11 16:10:01+00
-13357994.9179663,5831059.7190411,202,Community Dental Care,1721 E. Lincoln,Sunnyside,98944,509-837-7178,Yakima Valley Farm Workers Clinic,Dental,Yakima,http://www.yvfwc.com/,Sunnyside,98944,WA,Parcels,100,Close,-119.99691,46.31554,2018/06/11 16:10:01+00
-13356942.9487783,5831212.83404322,203,Neighborhood Health at Walmart Plaze,2685 Lincoln Avenue Ste. E,Sunnyside,98944,509-515-0580,Yakima Neighborhood Health Services,"WIC, Housing,Patient Navigator",Yakima,http://www.ynhs.org/,Sunnyside,98944,WA,Parcels,100,Close,-119.98746,46.31649,2018/06/11 16:10:02+00
-13360654.3406013,5833919.37900797,204,Neighborhood Health Services Sunnyside,617 Scoon Rd,Sunnyside,98944,509 837 8200,Yakima Neighborhood Health Services,"Medical, Dental,Pharmacy,Behavioral Health,WIC,Housing,Pediatrics,Homeless Outreach,Vision",Yakima,http://www.ynhs.org/,Sunnyside,98944,WA,Parcels,100,Close,-120.0208,46.33328,2018/06/11 16:10:02+00
-13356613.4430855,5831444.92922013,205,Sunnyside Immediate Care,2680 Yakima Valley Hwy,Sunnyside,98944,509-839-3000,Yakima Valley Farm Workers Clinic,Urgent Care,Yakima,http://www.yvfwc.com/,Sunnyside,98944,WA,Parcels,100,Close,-119.9845,46.31793,2018/06/11 16:10:02+00
-13630707.6329015,5982973.05306523,206,Co Occurring Disorders Clinic @ New Nativity House,1323 Yakima Ave,Tacoma,98402,253-284-9014,Metropolitan Development Council,Behavioral Health,Pierce,,Tacoma,98405,WA,Roads,100,Close,-122.44673,47.24998,2018/06/11 16:10:03+00
-13629813.7373904,5983643.81562598,207,Community Health Care -Administration,1019 Pacific Avenue,Tacoma,98402,(253) 597-4550,Community Health Care,Administrative,Pierce,http://www.commhealth.org/,Tacoma,98402,WA,Roads,100,Close,-122.4387,47.25407,2018/06/11 16:10:03+00
-13630335.8258022,5984055.48284952,208,Evaluation and Treatment Center / Co Occurring Disorders Clinic,721 Fawcett Ave.,Tacoma,98402,253-284-9014,Metropolitan Development Council,Behavioral Health,Pierce,,Tacoma,98402,WA,Parcels,100,Close,-122.44339,47.25658,2018/06/11 16:10:04+00
-13631338.8144142,5983050.13072522,209,Hilltop Regional Health Center,"1202 Martin Luther King, JR Way",Tacoma,98405,(253)441-4742,Community Health Care,"Medical, Dental,Urgent Care",Pierce,http://www.commhealth.org/,Tacoma,98405,WA,Parcels,100,Close,-122.4524,47.25045,2018/06/11 16:10:05+00
-13629269.3850804,5967288.04282402,210,Parkland Family Medical Clinc,11225 Pacific Ave.,Tacoma,98444,(253) 536-2020,Community Health Care,"Medical, Pharmacy",Pierce,http://www.commhealth.org/,Tacoma,98444,WA,Parcels,100,Close,-122.43381,47.15425,2018/06/11 16:10:06+00
-13631649.3957936,5983297.76783624,211,Sea Mar - Tacoma S. 11th St.,1307 S. 11th St.,Tacoma,98405,253-682-2180,Sea Mar Community Health Centers,"Medical, Behavioral Health,Homeless Outreach",Pierce,http://www.seamar.org/services-pierce.html,Tacoma,98405,WA,Parcels,100,Close,-122.45519,47.25196,2018/06/11 16:10:06+00
-13630388.1459629,5983340.40805133,212,Sea Mar CHC - Tacoma BH PPW,1119 Tacoma Ave. S.,Tacoma,98402,(253) 246-6820,Sea Mar Community Health Centers,Behavioral Health,Pierce,http://www.seamar.org/,Tacoma,98402,WA,Parcels,100,Close,-122.44386,47.25222,2018/06/11 16:10:07+00
-13631548.0950569,5983301.04784534,213,Sea Mar CHC - Tacoma Dental,1215 S. 11th St.,Tacoma,98405,(253) 280-9840,Sea Mar Community Health Centers,Dental,Pierce,http://www.seamar.org/,Tacoma,98405,WA,Parcels,100,Close,-122.45428,47.25198,2018/06/11 16:10:07+00
-13632770.3830659,5981821.88940928,214,Sea Mar CHC - Tacoma S. 19th St.,2121 S. 19th St,Tacoma,98405,(253) 593-2144,Sea Mar Community Health Centers,Behavioral Health,Pierce,http://www.seamar.org/,Tacoma,98405,WA,Parcels,100,Close,-122.46526,47.24296,2018/06/11 16:10:08+00
-13634039.4252609,5978690.57787093,215,Sea Mar CHC - Tacoma S. Cedar St.,3712 S. Cedar St.,Tacoma,98409,253-682-2860,Sea Mar Community Health Centers,"Medical, Dental,Behavioral Health,Homeless Outreach",Pierce,http://www.seamar.org/,Tacoma,98409,WA,Parcels,100,Close,-122.47666,47.22386,2018/06/11 16:10:08+00
-13631931.0341053,5983102.60952339,216,Sea Mar CHC - Tacoma S. Cushman Ave.,1112 S. Cushman,Tacoma,98405,(253) 593-2144,Sea Mar Community Health Centers,"Medical, Dental,Pharmacy",Pierce,http://www.seamar.org/,Tacoma,98405,WA,Parcels,100,Close,-122.45772,47.25077,2018/06/11 16:10:09+00
-13631425.6436171,5980416.75820392,217,Tacoma Adult Inpatient Treatment Center,1415 Center St.,Tacoma,98409,,Sea Mar Community Health Centers,Behavioral Health,Pierce,http://www.seamar.org/,Tacoma,98409,WA,Parcels,100,Close,-122.45318,47.23439,2018/06/11 16:10:09+00
-13631487.9825319,5983401.08871834,218,WIC,1208 S. 10th St.,Tacoma,98405,(253) 280-9851,Sea Mar Community Health Centers,WIC,Pierce,http://www.seamar.org/,Tacoma,98405,WA,Parcels,100,Close,-122.45374,47.25259,2018/06/11 16:10:09+00
-13626225.9102021,5977639.95601885,219,"Women's Health Clinic, Milgard Family Dental Clinic, Eastside Medical & Tanbara Children's Clinic",1708 E. 44th St.,Tacoma,98404,253-597-4163,Community Health Care,"Medical, Dental,Pharmacy,OB / GYN",Pierce,http://www.commhealth.org/,Tacoma,98404,WA,Roads,100,Close,-122.40647,47.21745,2018/06/11 16:10:10+00
-13674831.3394672,5919203.53344978,220,Valley View Health Center Tenino,872 Sussex Avenue,Tenino,98589,,Valley View Health Center,Medical,Thurston,http://www.vvhc.org/,Tenino,98589,WA,MAF,100,Close,-122.8431,46.8597,2018/06/11 16:10:10+00
-13675680.7071819,5918728.17490905,221,WIC,125 Central St. E.,Tenino,98589,(360) 754-2936,Sea Mar Community Health Centers,WIC,Thurston,http://www.seamar.org/,Tenino,98589,WA,MAF,100,Close,-122.85073,46.85678,2018/06/11 16:10:11+00
-13442636.6927909,5893947.65753932,222,Highland Clinic,915 Wisconsin Avenue,Tieton,98947,509-673-0044,Community Health of Central Washington,"Medical, Pharmacy,Behavioral Health,Urgent Care,Women's Health,Pediatrics,OB / GYN",Yakima,http://chcw.org/highland-clinic/,Tieton,98947,WA,Parcels,100,Close,-120.75726,46.70434,2018/06/11 16:10:11+00
-13675237.6556086,5851003.16021241,223,Toledo Medical & Behavioral Health,117 Ramsey Way,Toledo,98591,360-864-4400,Valley View Health Center,"Medical, Behavioral Health",Lewis,,Toledo,98591,WA,NavteqStreets,100,Close,-122.84675,46.43914,2018/06/11 16:10:11+00
-13295771.7753925,6225295.93271735,224,Tonasket Clinic,106 S. Whitcomb,Tonasket,98855,(509) 486-0114,Family Health Centers,"Medical, Behavioral Health,Urgent Care,Substance Abuse,Pediatrics,OB / GYN,Family Planning,Home Health",Okanogan,http://www.myfamilyhealth.org/,Tonasket,98855,WA,MAF,100,Close,-119.43795,48.70703,2018/06/11 16:10:12+00
-13394052.4142291,5840974.16350974,225,Northwest Community Action Center,706 Rentschler Ln.,Toppenish,98948,509-865-7630,Yakima Valley Farm Workers Clinic,"Housing, Social Work Services",Yakima,http://www.yvfwc.com/,Toppenish,98948,WA,Parcels,100,Close,-120.32082,46.37702,2018/06/11 16:10:12+00
-13393570.400834,5840562.72129282,226,Toppenish Medical - Dental Clinic,510 West First Avenue,Toppenish,98948,,Yakima Valley Farm Workers Clinic,"Medical, Dental",Yakima,http://www.yvfwc.com/,Toppenish,98948,WA,Parcels,100,Close,-120.31649,46.37447,2018/06/11 16:10:13+00
-13393873.1898489,5840617.57914502,227,Yakima Valley Farm Workers Clinic,604 West 1st Ave,Toppenish,98948,509-865-5898,Yakima Valley Farm Workers Clinic,Administrative,Yakima,http://www.yvfwc.com/join-our-team/non-provider-positions,Toppenish,98948,WA,Parcels,100,Close,-120.31921,46.37481,2018/06/11 16:10:13+00
-13613829.3717074,6021757.35873141,228,Tukwila,13030 Military RD S,Tukwila,98168,(206) 839-3567,HealthPoint,"Medical, Dental, Pharmacy",King,,Tukwila,98168,WA,MAF,100,Close,-122.29511,47.48595,2018/06/11 16:10:14+00
-13683751.3702645,5940680.23845393,229,Sea Mar CHC - Tumwater 6336 Littlerock Rd. SW,6336 Littlerock Rd. SW,Tumwater ,98512,(360) 704-7590,Sea Mar Community Health Centers,Behavioral Health,Thurston,http://www.seamar.org/,Tumwater,98512,WA,MAF,100,Close,-122.92323,46.99146,2018/06/11 16:10:14+00
-13683803.6904251,5940693.2944132,230,Sea Mar CHC - Tumwater Behavioral Health Child & Family Services,6334 Littlerock Rd. SW,Tumwater ,98512,360-704-7590,Sea Mar Community Health Centers,Behavioral Health,Thurston,http://www.seamar.org/,Tumwater,98512,WA,MAF,100,Close,-122.9237,46.99154,2018/06/11 16:10:15+00
-13681229.983798,5944769.34113614,231,Sea Mar CHC - Tumwater Custer Way,409 Custer Way,Tumwater ,98501,(360) 570-8016,Sea Mar Community Health Centers,Dental,Thurston,http://www.seamar.org/,Tumwater,98501,WA,MAF,100,Close,-122.90058,47.01651,2018/06/11 16:10:15+00
-13371903.175146,6167851.04141267,232,Twisp Dental Clinic,110 E. Second Avenue,Twisp,98856,(509) 997-0922,Family Health Centers,"Dental, School Screenings",Okanogan,http://www.myfamilyhealth.org/,Twisp,98856,WA,NavteqStreets,100,Close,-120.12185,48.36534,2018/06/11 16:10:15+00
-13372860.5227668,6167804.12632777,233,Twisp Medical Clinic,541 W. Second Avenue,Twisp,98856,(509) 997-2011,Family Health Centers,"Behavioral Health, Urgent Care,Substance Abuse,Pediatrics,OB / GYN,Family Planning,Home Health",Okanogan,http://www.myfamilyhealth.org/,Twisp,98856,WA,MAF,100,Close,-120.13045,48.36506,2018/06/11 16:10:16+00
-13640836.5933687,5979142.99083593,234,WIC,3560 Bridgeport Way W,University Place,98466,(253) 343-6050,Sea Mar Community Health Centers,WIC,Pierce,http://www.seamar.org/,University Place,98466,WA,Parcels,100,Close,-122.53772,47.22662,2018/06/11 16:10:16+00
-13634278.7621661,5715869.66640948,235,Sea Mar CHC - East Vancouver,19005 SE 34th St.,Vancouver,98683,360-726-6720,Sea Mar Community Health Centers,"Medical, Dental",Clark,http://www.seamar.org/,Vancouver,98683,WA,MAF,100,Close,-122.47881,45.59617,2018/06/11 16:10:17+00
-13646931.3354897,5723882.02883951,236,Sea Mar CHC - Vancouver 7803 NE Fourth Plain Blvd.,7803 NE Fourth Plain Blvd.,Vancouver,98662,(360) 397-9211,Sea Mar Community Health Centers,Behavioral Health,Clark,http://www.seamar.org/,Vancouver,98662,WA,MAF,100,Close,-122.59247,45.64651,2018/06/11 16:10:17+00
-13643323.4707931,5726348.94200101,237,Sea Mar CHC - Vancouver Behavioral Health,5501 NE 109th Court,Vancouver,98662,(360) 566-4432,Sea Mar Community Health Centers,Behavioral Health,Clark,http://www.seamar.org/,Vancouver,98662,WA,MAF,100,Close,-122.56006,45.662,2018/06/11 16:10:18+00
-13647177.3515643,5720371.55671402,238,Sea Mar CHC - Vancouver Delaware Lane,7410 Delaware Lane,Vancouver,98664,(360) 566-4402,Sea Mar Community Health Centers,Medical,Clark,http://www.seamar.org/,Vancouver,98664,WA,MAF,100,Close,-122.59468,45.62446,2018/06/11 16:10:18+00
-13654128.1405695,5730204.36263305,239,Sea Mar CHC - Vancouver NE 88th St.,1412 NE 88th St.,Vancouver,98665,(360) 574-4074,Sea Mar Community Health Centers,Dental,Clark,http://www.seamar.org/,Vancouver,98665,WA,MAF,100,Close,-122.65712,45.6862,2018/06/11 16:10:18+00
-13648858.2758753,5723407.51695004,240,Sea Mar CHC - Vancouver NE Fourth Plain Blvd.,6100 NE Fourth Plain Blvd,Vancouver,98661,(360) 947-2550,Sea Mar Community Health Centers,Medical,Clark,http://www.seamar.org/,Vancouver,98661,WA,MAF,100,Close,-122.60978,45.64353,2018/06/11 16:10:19+00
-13653591.5806238,5736614.1047193,241,Sea Mar CHC - Vancouver Salmon Creek,14508 NE 20th Ave.,Vancouver,98686,(360) 852-9070,Sea Mar Community Health Centers,"Medical, Behavioral Health",Clark,http://www.seamar.org/,Vancouver,98686,WA,MAF,100,Close,-122.6523,45.72641,2018/06/11 16:10:19+00
-13642353.8780282,5727562.74173904,242,Sea Mar CHC - Vancouver Women's Health Center,11801 NE 65th St.,Vancouver,98662,(360) 892-0208,Sea Mar Community Health Centers,Behavioral Health,Clark,http://www.seamar.org/,Vancouver,98662,WA,MAF,100,Close,-122.55135,45.66962,2018/06/11 16:10:20+00
-13649453.835151,5720871.37634764,243,WIC,5411 E. Mill Plain Blvd,Vancouver,98661,(360) 397-8459,Sea Mar Community Health Centers,WIC,Clark,http://www.seamar.org/,Vancouver,98661,WA,MAF,100,Close,-122.61513,45.6276,2018/06/11 16:10:20+00
-13632537.7253301,6010444.53561203,244,Neighborcare Health at Vashon,10030 SW 210th St,Vashon,98070,,Neighborcare Health,"Medical, Family Planning,Chronic Disease Management",King,,Vashon,98070,WA,MAF,100,Close,-122.46317,47.41723,2018/06/11 16:10:20+00
-13175335.2183032,5790279.10633179,245,Family Medical Center,1120 West Rose St.,Walla Walla,99362,509-525-6650,Yakima Valley Farm Workers Clinic,"Medical, Dental",Walla Walla,http://www.yvfwc.com/,Walla Walla,99362,WA,MAF,100,Close,-118.35605,46.06193,2018/06/11 16:10:21+00
-13405891.242075,5852471.65874755,246,Wapato Mid-Valley Family Medicine,620 W 1st Street,Wapato,98951,509-877-4111,Yakima Valley Farm Workers Clinic,"Medical, WIC",Yakima,http://www.yvfwc.com/,Wapato,98951,WA,Parcels,100,Close,-120.42717,46.44823,2018/06/11 16:10:21+00
-13406044.8629723,5852419.95826814,247,Wapato Mobile Medical & Dental Services,618 1st Street,Wapato,98951,509-877-3243,Yakima Valley Farm Workers Clinic,"Medical, Dental",Yakima,http://www.yvfwc.com/,Wapato,98951,WA,Roads,100,Close,-120.42855,46.44791,2018/06/11 16:10:22+00
-13620323.7508003,5713151.17231501,248,WIC,1702 C Street,Washougal,98671,(360) 835-7802,Sea Mar Community Health Centers,WIC,Clark,http://www.seamar.org/,Washougal,98671,WA,MAF,100,Close,-122.35345,45.57908,2018/06/11 16:10:23+00
-13395483.9828807,6018991.99046444,249,Children's Behavioral Health,140 Easy Way,Wenatchee,98801,(509) 662-4296,Columbia Valley Community Health Center,Behavioral Health,Chelan,,Wenatchee,98801,WA,MAF,100,Close,-120.33368,47.46916,2018/06/11 16:10:24+00
-13393778.5682818,6010740.66677623,250,Columbia Valley Community Health - Wenatchee,600 Orondo Ave,Wenatchee,98801,(509) 662 6000,Columbia Valley Community Health Center,"Medical, Dental,Administrative,Pharmacy,Behavioral Health,WIC,Urgent Care,Pediatrics,Radiology / XRay",Chelan,http://cvch.org/,Wenatchee,98801,WA,MAF,100,Close,-120.31836,47.41903,2018/06/11 16:10:25+00
-13394463.1831502,6012985.01203784,251,Riverside Health Clinic,819 N Miller St,Wenatchee,98801,509-888-1924,Columbia Valley Community Health Center,"Women's Health, OB / GYN",Chelan,,Wenatchee,98801,WA,MAF,100,Close,-120.32451,47.43267,2018/06/11 16:10:25+00
-13395614.226685,6012632.85488594,252,Wenatchee Valley College,1300 Fifth Street,Wenatchee,98801,509-662-6000,Columbia Valley Community Health Center,Medical,Chelan,https://cvch.org/our-locations,Wenatchee,98801,WA,MAF,100,Close,-120.33485,47.43053,2018/06/11 16:10:26+00
-13683980.6884155,5858732.89370672,253,Valley View Health Center - Winlock,615 Cemetery Rd.,Winlock,98596,360 785 9400,Valley View Health Center,Medical,Lewis,http://www.vvhc.org/,Winlock,98596,WA,Roads,97,Close,-122.92529,46.48697,2018/06/11 16:10:26+00
-13663401.0541525,5765928.7690349,254,Woodland Clinic,1251 Lewis River Rd.,Woodland,98674,360 225 4310,Cowlitz Family Health Center,Medical,Cowlitz,http://cowlitzfamilyhealth.org/,Woodland,98674,WA,Roads,100,Close,-122.74042,45.90994,2018/06/11 16:10:26+00
-13416760.477156,5876098.24676763,255,Behavioral Health Services 12th Avenue,307 South 12th Avenue,Yakima,98902,,Yakima Valley Farm Workers Clinic,Behavioral Health,Yakima,http://www.yvfwc.com/,Yakima,98902,WA,Parcels,100,Close,-120.52481,46.59427,2018/06/11 16:10:27+00
-13417771.2581324,5877493.17186341,256,Central WA Family Medicine - CHC Central WA,1806 W. Lincoln Avenue,Yakima,98902,(509) 452-4520,Community Health of Central Washington,Medical,Yakima,http://chcw.org/,Yakima,98902,WA,Parcels,100,Close,-120.53389,46.60288,2018/06/11 16:10:27+00
-13420524.1891398,5878917.48786417,257,Children's Village,3801 Kern Rd,Yakima,98902,509-574-3200,Yakima Valley Farm Workers Clinic,"Medical, Dental,Behavioral Health",Yakima,http://www.yvfwc.com/,Yakima,98902,WA,Parcels,100,Close,-120.55862,46.61167,2018/06/11 16:10:28+00
-13415334.474479,5875996.18777964,258,Community Health of Central Washington,501 S. 5th Avenue,Yakima,98902,509-494-6700,Community Health of Central Washington,Administrative,Yakima,http://chcw.org/,Yakima,98902,WA,Parcels,100,Close,-120.512,46.59364,2018/06/11 16:10:28+00
-13418340.1007304,5877666.54041021,259,Lincoln Avenue Medical-Dental Center,2205 W. Lincoln Ave,Yakima,98902,509-575-1234,Yakima Valley Farm Workers Clinic,"Medical, Dental",Yakima,http://www.yvfwc.com/,Yakima,98902,WA,Parcels,100,Close,-120.539,46.60395,2018/06/11 16:10:29+00
-13419330.8441985,5877211.25275279,260,Memorial WIC,218 S. 29th Avenue,Yakima,98902,,Yakima Valley Farm Workers Clinic,,Yakima,http://www.yvfwc.com/,Yakima,98902,WA,Parcels,91,Close,-120.5479,46.60114,2018/06/11 16:10:29+00
-13413973.0371066,5877353.83140124,261,Neighborhood Connections,102 South Naches,Yakima,98901,509-834-2098,Yakima Neighborhood Health Services,"Medical, Dental,Behavioral Health,Housing",Yakima,http://www.ynhs.org/,Yakima,98901,WA,Parcels,100,Close,-120.49977,46.60202,2018/06/11 16:10:29+00
-13412781.9185551,5873360.88476244,262,Yakima Behavioral Health Services,918 E. Mead Ave.,Yakima,98903,509-453-1344,Yakima Valley Farm Workers Clinic,Behavioral Health,Yakima,http://www.yvfwc.com/,Yakima,98903,WA,Parcels,100,Close,-120.48907,46.57737,2018/06/11 16:10:30+00
-13413327.38406,5874454.10747023,263,Yakima Medical-Dental Clinic,602 East Nob Hill Blvd.,Yakima,98901,(509) 248 1082,Yakima Valley Farm Workers Clinic,"Medical, Dental",Yakima,http://www.yvfwc.com/,Yakima,98901,WA,Parcels,100,Close,-120.49397,46.58412,2018/06/11 16:10:30+00
-13416825.0424607,5875984.84796533,264,Yakima Pediatrics,402 S. 12th Avenue,Yakima,98902,(509) 575-0114,Community Health of Central Washington,"Medical, Pediatrics",Yakima,http://chcw.org/,Yakima,98902,WA,Parcels,100,Close,-120.52539,46.59357,2018/06/11 16:10:31+00
-13413501.0424656,5877630.89426114,265,YNHS 8th Street Campus,12 South 8th St.,Yakima,98901,509 454 4143,Yakima Neighborhood Health Services,"Medical, Dental,Administrative,Pharmacy,Behavioral Health,WIC,Pediatrics,Homeless Outreach,Patient Navigator",Yakima,http://www.ynhs.org/,Yakima,98901,WA,Parcels,100,Close,-120.49553,46.60373,2018/06/11 16:10:31+00
-13415366.7571313,5876180.86681739,266,YNHS @ Central Washington Comprehensive Mental Health,402 south 4th Avenue,Yakima,98902,509-574-5553,Yakima Neighborhood Health Services,"Medical, Behavioral Health,Nutrition",Yakima,http://www.ynhs.org/,Yakima,98902,WA,Parcels,100,Close,-120.51229,46.59478,2018/06/11 16:10:31+00
-13413072.4624261,5875123.06493051,267,YNHS @ Southeast Community Center,1211 South 7th Street,Yakima,98901,509 -853-2372,Yakima Neighborhood Health Services,"Medical, Behavioral Health,Nutrition",Yakima,http://www.ynhs.org/,Yakima,98901,WA,Parcels,100,Close,-120.49168,46.58825,2018/06/11 16:10:32+00
-13413751.5113199,5877637.37536839,268,YNHS @ The Depot,602 E. Yakima Ave.,Yakima,98901,509-249-6232,Yakima Neighborhood Health Services,"Behavioral Health, Housing,Homeless Outreach,DSHS Eligibility Worker,Patient Navigator",Yakima,http://www.ynhs.org/,Yakima,98901,WA,Parcels,100,Close,-120.49778,46.60377,2018/06/11 16:10:32+00
-13411663.1576726,5875351.46159406,269,YV Tech Dental Clinic,1120 S. 18th St,Yakima,98901,509-573-5530,Yakima Valley Farm Workers Clinic,Dental,Yakima,http://www.yvfwc.com/,Yakima,98901,WA,Parcels,100,Close,-120.47902,46.58966,2018/06/11 16:10:33+00
-13649184.4419833,5933435.56331289,270,Sea Mar CHC - Yelm Cullens St. NW,202 Cullens St. NW,Yelm,98597,(360) 400-4800,Sea Mar Community Health Centers,"Medical, Dental,Behavioral Health",Thurston,http://www.seamar.org/,Yelm,98597,WA,MAF,100,Close,-122.61271,46.94705,2018/06/11 16:10:33+00
-13622835.1185126,6031951.89021052,271,High Point Clinic,6020 35th Ave. SW,Seattle,98126,(206) 461-6950,Neighborcare Health,"Medical, Dental,Pharmacy,Behavioral Health,Pediatrics,OB / GYN,Child Development,Nutrition,Social Work Services,Chronic Disease Management",King,http://www.neighborcare.org/,Seattle,98126,WA,MAF,100,Close,-122.37601,47.5478,2018/06/11 16:10:33+00
-13619767.1533463,6028235.30448132,272,Highland Park School-Based health Center,1012 SW Trenton St,Seattle,98106,(206)455-9025,Neighborcare Health,"Medical, School Based",King,http://www.neighborcare.org/,Seattle,98106,WA,MAF,100,Close,-122.34845,47.52526,2018/06/11 16:10:34+00
-13612598.1781392,6030146.16210571,273,Holly Park Medical & Dental Clinic,3815 S. Othello St,Seattle,98118,360 978 6600,International Community Health Services,"Medical, Dental,Pharmacy",King,http://www.ichs.com/,Seattle,98118,WA,AddressPoints,100,Close,-122.28405,47.53685,2018/06/11 16:10:34+00
-13614068.7086126,6035741.02263866,274,ICHS Primary Care Clinic at ACRS,3639 Martin Luther King Jr. Way S,Seattle,98144,206-695-7600,International Community Health Services,Medical,King,https://www.ichs.com/ichs-locations/acrs/,Seattle,98144,WA,MAF,100,Close,-122.29726,47.57077,2018/06/11 16:10:35+00
-13616842.7903231,6039924.68960433,275,International District Medical & Dental Clinic,720 8th Ave. S,Seattle,98104,206-788-3700,International Community Health Services,"Medical, Dental,Administrative,Pharmacy",King,http://www.ichs.com/,Seattle,98104,WA,MAF,100,Close,-122.32218,47.59612,2018/06/11 16:10:35+00
-13614014.1620621,6060704.70515095,276,Lake City Medical,12721 30th Ave NE,Seattle,98125,(206) 417-0326,Neighborcare Health,"Medical, Pediatrics,OB / GYN,Child Development,Geriatric Care,Social Work Services",King,http://www.neighborcare.org/,Seattle,98125,WA,MAF,100,Close,-122.29677,47.72185,2018/06/11 16:10:36+00
-13616388.6068007,6040107.92606445,277,"Leschi Center Medical Clinic, Outpatient CD & Youth Services",611 12th Ave. S,Seattle,98144,206-324-9360,Seattle Indian Health Board,"Medical, Dental,Pharmacy,Behavioral Health,WIC,Diabetes Care",King,http://www.sihb.org/,Seattle,98144,WA,MAF,100,Close,-122.3181,47.59723,2018/06/11 16:10:36+00
-13624411.4025022,6036031.42086842,278,Madison School-Based Health Center,3429 45th Avenue SW,Seattle,98116,(206) 933-7842,Neighborcare Health,"Medical, School Based",King,http://www.neighborcare.org/,Seattle,98116,WA,Parcels,100,Close,-122.39017,47.57253,2018/06/11 16:10:37+00
-13613460.9041929,6060780.82359546,279,McDermott Place Medical Clinic,12736 33rd Ave NE,Seattle,98125,(206) 367-0150,Neighborcare Health,"Medical, Pediatrics,OB / GYN,Geriatric Care,Social Work Services",King,http://www.neighborcare.org/,Seattle,98125,WA,MAF,100,Close,-122.2918,47.72231,2018/06/11 16:10:38+00
-13615718.4634661,6034645.51717,280,Mercer School-Based Health Center,1600 S Columbian Way,Seattle,98108,(206) 762-2394,Neighborcare Health,"Medical, School Based",King,http://www.neighborcare.org/,Seattle,98108,WA,MAF,100,Close,-122.31208,47.56413,2018/06/11 16:10:38+00
-13616152.6094802,6039376.65420177,281,Neighborcare Health Administration,1200 12th Avenue South,Seattle,98144,(206) 461-6935,Neighborcare Health,Administrative,King,http://www.neighborcare.org/,Seattle,98144,WA,MAF,100,Close,-122.31598,47.5928,2018/06/11 16:10:38+00
-13612782.9684939,6034536.63415378,282,Neighborcare Health at Columbia City,4400 37th Ave. S,Seattle,98118,(206) 461-6957,Neighborcare Health,"Medical, Pharmacy,Behavioral Health,WIC,Women's Health,Pediatrics,OB / GYN,Counseling,Child Development,Family Planning,Nutrition,Social Work Services,Chronic Disease Management",King,http://www.neighborcare.org/,Seattle,98118,WA,Parcels,100,Close,-122.28571,47.56347,2018/06/11 16:10:39+00
-13616152.6094802,6039376.65420177,283,Neighborcare Health at Pacific Tower,1200 12th Ave. S ,Seattle,98144,,Neighborcare Health,Dental,King,,Seattle,98144,WA,MAF,100,Close,-122.31598,47.5928,2018/06/11 16:10:39+00
-13618244.3027122,6058079.03029142,284,Neighborcare Meridian Center for Health,10521 Meridian Avenue N ,Seattle,98133,206-926-4990,Neighborcare Health,"Medical, Pharmacy,Behavioral Health,Women's Health,Pediatrics,OB / GYN,Social Work Services,Chronic Disease Management",King,http://www.neighborcare.org/,Seattle,98133,WA,AddressPoints,100,Close,-122.33477,47.70598,2018/06/11 16:10:40+00
-13616052.4219385,6028128.15068219,285,Patient Accounts Billing Office,8801 14th Ave S,Seattle,98108,(800) 549-2493,Sea Mar Community Health Centers,Administrative,King,,Seattle,98108,WA,MAF,100,Close,-122.31508,47.52461,2018/06/11 16:10:40+00
-13619123.7266895,6042315.32294744,286,Pike Place Market Clinic,1930 Post Alley,Seattle,98101,(206) 728-4143,Neighborcare Health,"Medical, Pharmacy,Behavioral Health,Family Planning,Home Health,Nutrition,Social Work Services,Chronic Disease Management",King,http://www.neighborcare.org/,Seattle,98101,WA,MAF,100,Close,-122.34267,47.6106,2018/06/11 16:10:41+00
-13617549.6690897,6040974.63767393,287,Public Health - Seattle & King County,401 5th Avenue,Seattle,98104,,Public Health - Seattle & King County,Homeless Outreach,King,,Seattle,98104,WA,MAF,100,Close,-122.32853,47.60248,2018/06/11 16:10:41+00
-13610952.8760653,6027303.93507481,288,Rainier Beach Clinic,9245 Rainier Avenue South,Seattle,98118,(206) 722-8444,Neighborcare Health,"Medical, Dental,Pharmacy,Behavioral Health,WIC,Women's Health,Pediatrics,OB / GYN,Nutrition,Acupuncture,Social Work Services,Chronic Disease Management",King,http://www.neighborcare.org/,Seattle,98118,WA,Parcels,100,Close,-122.26927,47.51961,2018/06/11 16:10:42+00
-13615859.8392195,6053331.02138516,289,Roosevelt School-Based Health Center,1410 NE 66th St.,Seattle,98115,(206) 527-8336,Neighborcare Health,"Medical, School Based",King,http://www.neighborcare.org/,Seattle,98115,WA,Parcels,100,Close,-122.31335,47.67727,2018/06/11 16:10:42+00
-13622227.3140928,6027046.79588208,290,Roxhill School-Based Health Center,9430 30th Ave SW,Seattle,98126,(206) 452-2660,Neighborcare Health,"Medical, School Based",King,http://www.neighborcare.org/,Seattle,98126,WA,MAF,100,Close,-122.37055,47.51805,2018/06/11 16:10:42+00
-13616450.9457156,6028020.9982108,291,"Sea Mar CHC - Administration; Sea Mar Community Care Center; Child Development Center",1040 S. Henderson,Seattle,98108,,Sea Mar Community Health Centers,"Administrative, Skilled Nursing Facility,Child Development",King,http://www.seamar.org/,Seattle,98108,WA,MAF,100,Close,-122.31866,47.52396,2018/06/11 16:10:43+00
-13615553.7106198,6026443.5377844,292,Sea Mar CHC - Seattle 17th Place S.,10001 17th Place S.,Seattle,98168,(206) 766-6976,Sea Mar Community Health Centers,Behavioral Health,King,http://www.seamar.org/,Seattle,98168,WA,MAF,100,Close,-122.3106,47.51439,2018/06/11 16:10:43+00
-13616011.2337269,6028174.30907901,293,Sea Mar CHC - Seattle 8720 14th Ave. S.,8720 14th Ave. S.,Seattle,98108,(206) 762-3730,Sea Mar Community Health Centers,Medical,King,http://www.seamar.org/,Seattle,98108,WA,MAF,100,Close,-122.31471,47.52489,2018/06/11 16:10:44+00
-13616054.6483283,6027923.73788632,294,Sea Mar CHC - Seattle 8915 14th Ave. S.,8915 14th Ave. S.,Seattle,98108,(206) 762-3263,Sea Mar Community Health Centers,"Dental, WIC",King,http://www.seamar.org/,Seattle,98108,WA,MAF,100,Close,-122.3151,47.52337,2018/06/11 16:10:44+00
-13620328.2035799,6026722.08615791,295,Sea Mar CHC - White Center 15th Ave. SW,9650 15th Ave. SW,Seattle,98106,(206) 965-1000,Sea Mar Community Health Centers,"Medical, Dental",King,http://www.seamar.org/,Seattle,98106,WA,MAF,100,Close,-122.35349,47.51608,2018/06/11 16:10:44+00
-13616388.6068007,6040107.92606445,296,Seattle Indian Health Board Administration,611 12th Ave. S,Seattle,98144,206 324 9360,Seattle Indian Health Board,Administrative,King,http://www.sihb.org/,Seattle,98144,WA,MAF,100,Close,-122.3181,47.59723,2018/06/11 16:10:45+00
-13616012.3469218,6028096.82905322,297,Seattle Pharmacy and IT,8800 14th Ave. S,Seattle,98108,,Sea Mar Community Health Centers,Pharmacy,King,http://www.seamar.org/,Seattle,98108,WA,MAF,100,Close,-122.31472,47.52442,2018/06/11 16:10:45+00
-13619452.1191873,6061803.52352993,298,St. Vincent De Paul - Aurora,13555 Aurora Ave. N,Seattle,98133,,Neighborcare Health,"Medical, OB / GYN,Patient Navigator,Social Work Services,Chronic Disease Management",King,,Seattle,98133,WA,MAF,100,Close,-122.34562,47.72849,2018/06/11 16:10:46+00
-13613133.6248899,6028868.36325053,299,Van Asselt School-Based Health Center,8311 Beacon Ave S,Seattle,98118,(206)548-3168,Neighborcare Health,"Medical, School Based",King,http://www.neighborcare.org/,Seattle,98118,WA,MAF,100,Close,-122.28886,47.5291,2018/06/11 16:10:46+00
-13622554.5933958,6030955.80724253,300,West Seattle Elementary School-Based Health Center,6760 34th Ave SW,Seattle,98126,(206) 548-3164,Neighborcare Health,"Medical, School Based",King,http://www.neighborcare.org/,Seattle,98126,WA,MAF,100,Close,-122.37349,47.54176,2018/06/11 16:10:47+00
-13623845.899489,6036709.60474343,301,West Seattle School-Based Health Center,3000 California Ave. SW,Seattle,98116,(206) 658-8048,Neighborcare Health,"Medical, School Based",King,http://www.neighborcare.org/,Seattle,98116,WA,Parcels,100,Close,-122.38509,47.57664,2018/06/11 16:10:47+00
